,Slot,Type,Grade,Prime,MinLvl,MaxLvl,Probaility,1 in
0,Hat,Bonus,Rare,Non prime,0,300,7.4074,13.5
1,Hat,Bonus,Rare,Non prime,0,300,7.4074,13.5
2,Hat,Bonus,Rare,Non prime,0,300,7.4074,13.5
3,Hat,Bonus,Rare,Non prime,0,300,7.4074,13.5
4,Hat,Bonus,Rare,Non prime,0,300,7.4074,13.5
5,Hat,Bonus,Rare,Non prime,0,300,7.4074,13.5
6,Hat,Bonus,Rare,Non prime,0,300,11.1111,9
7,Hat,Bonus,Rare,Non prime,0,300,11.1111,9
8,Hat,Bonus,Rare,Non prime,0,300,11.1111,9
9,Hat,Bonus,Rare,Non prime,0,300,11.1111,9
10,Hat,Bonus,Rare,Non prime,0,300,11.1111,9
11,Hat,Bonus,Rare,Prime,0,300,6.3829,15.6666
12,Hat,Bonus,Rare,Prime,0,300,6.3829,15.6666
13,Hat,Bonus,Rare,Prime,0,300,6.3829,15.6666
14,Hat,Bonus,Rare,Prime,0,300,6.3829,15.6666
15,Hat,Bonus,Rare,Prime,0,300,4.2553,23.5
16,Hat,Bonus,Rare,Prime,0,300,4.2553,23.5
17,Hat,Bonus,Rare,Prime,0,300,6.3829,15.6666
18,Hat,Bonus,Rare,Prime,0,300,6.3829,15.6666
19,Hat,Bonus,Rare,Prime,0,300,6.3829,15.6666
20,Hat,Bonus,Rare,Prime,0,300,6.3829,15.6666
21,Hat,Bonus,Rare,Prime,0,300,6.3829,15.6666
22,Hat,Bonus,Rare,Prime,0,300,4.2553,23.5
23,Hat,Bonus,Rare,Prime,0,300,4.2553,23.5
24,Hat,Bonus,Rare,Prime,0,300,4.2553,23.5
25,Hat,Bonus,Rare,Prime,0,300,4.2553,23.5
26,Hat,Bonus,Rare,Prime,0,300,4.2553,23.5
27,Hat,Bonus,Rare,Prime,0,300,4.2553,23.5
28,Hat,Bonus,Rare,Prime,0,300,4.2553,23.5
29,Hat,Bonus,Rare,Prime,0,300,4.2553,23.5
30,Hat,Bonus,Epic,Prime,0,300,6,16.6666
31,Hat,Bonus,Epic,Prime,0,300,6,16.6666
32,Hat,Bonus,Epic,Prime,0,300,6,16.6666
33,Hat,Bonus,Epic,Prime,0,300,6,16.6666
34,Hat,Bonus,Epic,Prime,0,300,4,25
35,Hat,Bonus,Epic,Prime,0,300,4,25
36,Hat,Bonus,Epic,Prime,0,300,6,16.6666
37,Hat,Bonus,Epic,Prime,0,300,6,16.6666
38,Hat,Bonus,Epic,Prime,0,300,6,16.6666
39,Hat,Bonus,Epic,Prime,0,300,6,16.6666
40,Hat,Bonus,Epic,Prime,0,300,6,16.6666
41,Hat,Bonus,Epic,Prime,0,300,4,25
42,Hat,Bonus,Epic,Prime,0,300,4,25
43,Hat,Bonus,Epic,Prime,0,300,4,25
44,Hat,Bonus,Epic,Prime,0,300,4,25
45,Hat,Bonus,Epic,Prime,0,300,6,16.6666
46,Hat,Bonus,Epic,Prime,0,300,6,16.6666
47,Hat,Bonus,Epic,Prime,0,300,6,16.6666
48,Hat,Bonus,Epic,Prime,0,300,4,25
49,Hat,Bonus,Unique,Prime,60,300,5.4545,18.3333
50,Hat,Bonus,Unique,Prime,60,300,5.4545,18.3333
51,Hat,Bonus,Unique,Prime,60,300,5.4545,18.3333
52,Hat,Bonus,Unique,Prime,60,300,5.4545,18.3333
53,Hat,Bonus,Unique,Prime,60,300,3.6363,27.5
54,Hat,Bonus,Unique,Prime,60,300,3.6363,27.5
55,Hat,Bonus,Unique,Prime,60,300,5.4545,18.3333
56,Hat,Bonus,Unique,Prime,60,300,5.4545,18.3333
57,Hat,Bonus,Unique,Prime,60,300,5.4545,18.3333
58,Hat,Bonus,Unique,Prime,60,300,3.6363,27.5
59,Hat,Bonus,Unique,Prime,60,300,3.6363,27.5
60,Hat,Bonus,Unique,Prime,60,300,3.6363,27.5
61,Hat,Bonus,Unique,Prime,60,300,3.6363,27.5
62,Hat,Bonus,Unique,Prime,60,300,5.4545,18.3333
63,Hat,Bonus,Unique,Prime,60,300,5.4545,18.3333
64,Hat,Bonus,Unique,Prime,60,300,5.4545,18.3333
65,Hat,Bonus,Unique,Prime,60,300,3.6363,27.5
66,Hat,Bonus,Unique,Prime,60,300,5.4545,18.3333
67,Hat,Bonus,Unique,Prime,60,300,3.6363,27.5
68,Hat,Bonus,Unique,Prime,60,300,3.6363,27.5
69,Hat,Bonus,Unique,Prime,60,300,3.6363,27.5
70,Hat,Bonus,Unique,Prime,60,300,3.6363,27.5
71,Hat,Bonus,Legendary,Prime,100,300,4.5454,22
72,Hat,Bonus,Legendary,Prime,100,300,4.5454,22
73,Hat,Bonus,Legendary,Prime,100,300,4.5454,22
74,Hat,Bonus,Legendary,Prime,100,300,4.5454,22
75,Hat,Bonus,Legendary,Prime,100,300,3.0303,33
76,Hat,Bonus,Legendary,Prime,100,300,3.0303,33
77,Hat,Bonus,Legendary,Prime,100,300,4.5454,22
78,Hat,Bonus,Legendary,Prime,100,300,4.5454,22
79,Hat,Bonus,Legendary,Prime,100,300,4.5454,22
80,Hat,Bonus,Legendary,Prime,100,300,3.0303,33
81,Hat,Bonus,Legendary,Prime,100,300,3.0303,33
82,Hat,Bonus,Legendary,Prime,100,300,3.0303,33
83,Hat,Bonus,Legendary,Prime,100,300,3.0303,33
84,Hat,Bonus,Legendary,Prime,100,300,4.5454,22
85,Hat,Bonus,Legendary,Prime,100,300,4.5454,22
86,Hat,Bonus,Legendary,Prime,100,300,4.5454,22
87,Hat,Bonus,Legendary,Prime,100,300,3.0303,33
88,Hat,Bonus,Legendary,Prime,100,300,3.0303,33
89,Hat,Bonus,Legendary,Prime,100,300,3.0303,33
90,Hat,Bonus,Legendary,Prime,100,300,3.0303,33
91,Hat,Bonus,Legendary,Prime,100,300,3.0303,33
92,Hat,Bonus,Legendary,Prime,100,300,3.0303,33
93,Hat,Bonus,Legendary,Prime,100,300,4.5454,22
94,Hat,Bonus,Legendary,Prime,100,300,4.5454,22
95,Hat,Bonus,Legendary,Prime,100,300,4.5454,22
96,Hat,Bonus,Legendary,Prime,100,300,4.5454,22
97,Top,Bonus,Rare,Non prime,0,300,7.4074,13.5
98,Overall,Bonus,Rare,Non prime,0,300,7.4074,13.5
99,Bottom,Bonus,Rare,Non prime,0,300,7.4074,13.5
100,Shoes,Bonus,Rare,Non prime,0,300,7.4074,13.5
101,Cape,Bonus,Rare,Non prime,0,300,7.4074,13.5
102,Belt,Bonus,Rare,Non prime,0,300,7.4074,13.5
103,Shoulderpad,Bonus,Rare,Non prime,0,300,7.4074,13.5
104,Top,Bonus,Rare,Non prime,0,300,7.4074,13.5
105,Overall,Bonus,Rare,Non prime,0,300,7.4074,13.5
106,Bottom,Bonus,Rare,Non prime,0,300,7.4074,13.5
107,Shoes,Bonus,Rare,Non prime,0,300,7.4074,13.5
108,Cape,Bonus,Rare,Non prime,0,300,7.4074,13.5
109,Belt,Bonus,Rare,Non prime,0,300,7.4074,13.5
110,Shoulderpad,Bonus,Rare,Non prime,0,300,7.4074,13.5
111,Top,Bonus,Rare,Non prime,0,300,7.4074,13.5
112,Overall,Bonus,Rare,Non prime,0,300,7.4074,13.5
113,Bottom,Bonus,Rare,Non prime,0,300,7.4074,13.5
114,Shoes,Bonus,Rare,Non prime,0,300,7.4074,13.5
115,Cape,Bonus,Rare,Non prime,0,300,7.4074,13.5
116,Belt,Bonus,Rare,Non prime,0,300,7.4074,13.5
117,Shoulderpad,Bonus,Rare,Non prime,0,300,7.4074,13.5
118,Top,Bonus,Rare,Non prime,0,300,7.4074,13.5
119,Overall,Bonus,Rare,Non prime,0,300,7.4074,13.5
120,Bottom,Bonus,Rare,Non prime,0,300,7.4074,13.5
121,Shoes,Bonus,Rare,Non prime,0,300,7.4074,13.5
122,Cape,Bonus,Rare,Non prime,0,300,7.4074,13.5
123,Belt,Bonus,Rare,Non prime,0,300,7.4074,13.5
124,Shoulderpad,Bonus,Rare,Non prime,0,300,7.4074,13.5
125,Top,Bonus,Rare,Non prime,0,300,7.4074,13.5
126,Overall,Bonus,Rare,Non prime,0,300,7.4074,13.5
127,Bottom,Bonus,Rare,Non prime,0,300,7.4074,13.5
128,Shoes,Bonus,Rare,Non prime,0,300,7.4074,13.5
129,Cape,Bonus,Rare,Non prime,0,300,7.4074,13.5
130,Belt,Bonus,Rare,Non prime,0,300,7.4074,13.5
131,Shoulderpad,Bonus,Rare,Non prime,0,300,7.4074,13.5
132,Top,Bonus,Rare,Non prime,0,300,7.4074,13.5
133,Overall,Bonus,Rare,Non prime,0,300,7.4074,13.5
134,Bottom,Bonus,Rare,Non prime,0,300,7.4074,13.5
135,Shoes,Bonus,Rare,Non prime,0,300,7.4074,13.5
136,Cape,Bonus,Rare,Non prime,0,300,7.4074,13.5
137,Belt,Bonus,Rare,Non prime,0,300,7.4074,13.5
138,Shoulderpad,Bonus,Rare,Non prime,0,300,7.4074,13.5
139,Top,Bonus,Rare,Non prime,0,300,11.1111,9
140,Overall,Bonus,Rare,Non prime,0,300,11.1111,9
141,Bottom,Bonus,Rare,Non prime,0,300,11.1111,9
142,Shoes,Bonus,Rare,Non prime,0,300,11.1111,9
143,Cape,Bonus,Rare,Non prime,0,300,11.1111,9
144,Belt,Bonus,Rare,Non prime,0,300,11.1111,9
145,Shoulderpad,Bonus,Rare,Non prime,0,300,11.1111,9
146,Top,Bonus,Rare,Non prime,0,300,11.1111,9
147,Overall,Bonus,Rare,Non prime,0,300,11.1111,9
148,Bottom,Bonus,Rare,Non prime,0,300,11.1111,9
149,Shoes,Bonus,Rare,Non prime,0,300,11.1111,9
150,Cape,Bonus,Rare,Non prime,0,300,11.1111,9
151,Belt,Bonus,Rare,Non prime,0,300,11.1111,9
152,Shoulderpad,Bonus,Rare,Non prime,0,300,11.1111,9
153,Top,Bonus,Rare,Non prime,0,300,11.1111,9
154,Overall,Bonus,Rare,Non prime,0,300,11.1111,9
155,Bottom,Bonus,Rare,Non prime,0,300,11.1111,9
156,Shoes,Bonus,Rare,Non prime,0,300,11.1111,9
157,Cape,Bonus,Rare,Non prime,0,300,11.1111,9
158,Belt,Bonus,Rare,Non prime,0,300,11.1111,9
159,Shoulderpad,Bonus,Rare,Non prime,0,300,11.1111,9
160,Top,Bonus,Rare,Non prime,0,300,11.1111,9
161,Overall,Bonus,Rare,Non prime,0,300,11.1111,9
162,Bottom,Bonus,Rare,Non prime,0,300,11.1111,9
163,Shoes,Bonus,Rare,Non prime,0,300,11.1111,9
164,Cape,Bonus,Rare,Non prime,0,300,11.1111,9
165,Belt,Bonus,Rare,Non prime,0,300,11.1111,9
166,Shoulderpad,Bonus,Rare,Non prime,0,300,11.1111,9
167,Top,Bonus,Rare,Non prime,0,300,11.1111,9
168,Overall,Bonus,Rare,Non prime,0,300,11.1111,9
169,Bottom,Bonus,Rare,Non prime,0,300,11.1111,9
170,Shoes,Bonus,Rare,Non prime,0,300,11.1111,9
171,Cape,Bonus,Rare,Non prime,0,300,11.1111,9
172,Belt,Bonus,Rare,Non prime,0,300,11.1111,9
173,Shoulderpad,Bonus,Rare,Non prime,0,300,11.1111,9
174,Top,Bonus,Rare,Prime,0,300,6.3829,15.6666
175,Overall,Bonus,Rare,Prime,0,300,6.3829,15.6666
176,Bottom,Bonus,Rare,Prime,0,300,6.3829,15.6666
177,Shoes,Bonus,Rare,Prime,0,300,6.3829,15.6666
178,Cape,Bonus,Rare,Prime,0,300,6.3829,15.6666
179,Belt,Bonus,Rare,Prime,0,300,6.3829,15.6666
180,Shoulderpad,Bonus,Rare,Prime,0,300,6.3829,15.6666
181,Top,Bonus,Rare,Prime,0,300,6.3829,15.6666
182,Overall,Bonus,Rare,Prime,0,300,6.3829,15.6666
183,Bottom,Bonus,Rare,Prime,0,300,6.3829,15.6666
184,Shoes,Bonus,Rare,Prime,0,300,6.3829,15.6666
185,Cape,Bonus,Rare,Prime,0,300,6.3829,15.6666
186,Belt,Bonus,Rare,Prime,0,300,6.3829,15.6666
187,Shoulderpad,Bonus,Rare,Prime,0,300,6.3829,15.6666
188,Top,Bonus,Rare,Prime,0,300,6.3829,15.6666
189,Overall,Bonus,Rare,Prime,0,300,6.3829,15.6666
190,Bottom,Bonus,Rare,Prime,0,300,6.3829,15.6666
191,Shoes,Bonus,Rare,Prime,0,300,6.3829,15.6666
192,Cape,Bonus,Rare,Prime,0,300,6.3829,15.6666
193,Belt,Bonus,Rare,Prime,0,300,6.3829,15.6666
194,Shoulderpad,Bonus,Rare,Prime,0,300,6.3829,15.6666
195,Top,Bonus,Rare,Prime,0,300,6.3829,15.6666
196,Overall,Bonus,Rare,Prime,0,300,6.3829,15.6666
197,Bottom,Bonus,Rare,Prime,0,300,6.3829,15.6666
198,Shoes,Bonus,Rare,Prime,0,300,6.3829,15.6666
199,Cape,Bonus,Rare,Prime,0,300,6.3829,15.6666
200,Belt,Bonus,Rare,Prime,0,300,6.3829,15.6666
201,Shoulderpad,Bonus,Rare,Prime,0,300,6.3829,15.6666
202,Top,Bonus,Rare,Prime,0,300,4.2553,23.5
203,Overall,Bonus,Rare,Prime,0,300,4.2553,23.5
204,Bottom,Bonus,Rare,Prime,0,300,4.2553,23.5
205,Shoes,Bonus,Rare,Prime,0,300,4.2553,23.5
206,Cape,Bonus,Rare,Prime,0,300,4.2553,23.5
207,Belt,Bonus,Rare,Prime,0,300,4.2553,23.5
208,Shoulderpad,Bonus,Rare,Prime,0,300,4.2553,23.5
209,Top,Bonus,Rare,Prime,0,300,4.2553,23.5
210,Overall,Bonus,Rare,Prime,0,300,4.2553,23.5
211,Bottom,Bonus,Rare,Prime,0,300,4.2553,23.5
212,Shoes,Bonus,Rare,Prime,0,300,4.2553,23.5
213,Cape,Bonus,Rare,Prime,0,300,4.2553,23.5
214,Belt,Bonus,Rare,Prime,0,300,4.2553,23.5
215,Shoulderpad,Bonus,Rare,Prime,0,300,4.2553,23.5
216,Top,Bonus,Rare,Prime,0,300,6.3829,15.6666
217,Overall,Bonus,Rare,Prime,0,300,6.3829,15.6666
218,Bottom,Bonus,Rare,Prime,0,300,6.3829,15.6666
219,Shoes,Bonus,Rare,Prime,0,300,6.3829,15.6666
220,Cape,Bonus,Rare,Prime,0,300,6.3829,15.6666
221,Belt,Bonus,Rare,Prime,0,300,6.3829,15.6666
222,Shoulderpad,Bonus,Rare,Prime,0,300,6.3829,15.6666
223,Top,Bonus,Rare,Prime,0,300,6.3829,15.6666
224,Overall,Bonus,Rare,Prime,0,300,6.3829,15.6666
225,Bottom,Bonus,Rare,Prime,0,300,6.3829,15.6666
226,Shoes,Bonus,Rare,Prime,0,300,6.3829,15.6666
227,Cape,Bonus,Rare,Prime,0,300,6.3829,15.6666
228,Belt,Bonus,Rare,Prime,0,300,6.3829,15.6666
229,Shoulderpad,Bonus,Rare,Prime,0,300,6.3829,15.6666
230,Top,Bonus,Rare,Prime,0,300,6.3829,15.6666
231,Overall,Bonus,Rare,Prime,0,300,6.3829,15.6666
232,Bottom,Bonus,Rare,Prime,0,300,6.3829,15.6666
233,Shoes,Bonus,Rare,Prime,0,300,6.3829,15.6666
234,Cape,Bonus,Rare,Prime,0,300,6.3829,15.6666
235,Belt,Bonus,Rare,Prime,0,300,6.3829,15.6666
236,Shoulderpad,Bonus,Rare,Prime,0,300,6.3829,15.6666
237,Top,Bonus,Rare,Prime,0,300,6.3829,15.6666
238,Overall,Bonus,Rare,Prime,0,300,6.3829,15.6666
239,Bottom,Bonus,Rare,Prime,0,300,6.3829,15.6666
240,Shoes,Bonus,Rare,Prime,0,300,6.3829,15.6666
241,Cape,Bonus,Rare,Prime,0,300,6.3829,15.6666
242,Belt,Bonus,Rare,Prime,0,300,6.3829,15.6666
243,Shoulderpad,Bonus,Rare,Prime,0,300,6.3829,15.6666
244,Top,Bonus,Rare,Prime,0,300,6.3829,15.6666
245,Overall,Bonus,Rare,Prime,0,300,6.3829,15.6666
246,Bottom,Bonus,Rare,Prime,0,300,6.3829,15.6666
247,Shoes,Bonus,Rare,Prime,0,300,6.3829,15.6666
248,Cape,Bonus,Rare,Prime,0,300,6.3829,15.6666
249,Belt,Bonus,Rare,Prime,0,300,6.3829,15.6666
250,Shoulderpad,Bonus,Rare,Prime,0,300,6.3829,15.6666
251,Top,Bonus,Rare,Prime,0,300,4.2553,23.5
252,Overall,Bonus,Rare,Prime,0,300,4.2553,23.5
253,Bottom,Bonus,Rare,Prime,0,300,4.2553,23.5
254,Shoes,Bonus,Rare,Prime,0,300,4.2553,23.5
255,Cape,Bonus,Rare,Prime,0,300,4.2553,23.5
256,Belt,Bonus,Rare,Prime,0,300,4.2553,23.5
257,Shoulderpad,Bonus,Rare,Prime,0,300,4.2553,23.5
258,Top,Bonus,Rare,Prime,0,300,4.2553,23.5
259,Overall,Bonus,Rare,Prime,0,300,4.2553,23.5
260,Bottom,Bonus,Rare,Prime,0,300,4.2553,23.5
261,Shoes,Bonus,Rare,Prime,0,300,4.2553,23.5
262,Cape,Bonus,Rare,Prime,0,300,4.2553,23.5
263,Belt,Bonus,Rare,Prime,0,300,4.2553,23.5
264,Shoulderpad,Bonus,Rare,Prime,0,300,4.2553,23.5
265,Top,Bonus,Rare,Prime,0,300,4.2553,23.5
266,Overall,Bonus,Rare,Prime,0,300,4.2553,23.5
267,Bottom,Bonus,Rare,Prime,0,300,4.2553,23.5
268,Shoes,Bonus,Rare,Prime,0,300,4.2553,23.5
269,Cape,Bonus,Rare,Prime,0,300,4.2553,23.5
270,Belt,Bonus,Rare,Prime,0,300,4.2553,23.5
271,Shoulderpad,Bonus,Rare,Prime,0,300,4.2553,23.5
272,Top,Bonus,Rare,Prime,0,300,4.2553,23.5
273,Overall,Bonus,Rare,Prime,0,300,4.2553,23.5
274,Bottom,Bonus,Rare,Prime,0,300,4.2553,23.5
275,Shoes,Bonus,Rare,Prime,0,300,4.2553,23.5
276,Cape,Bonus,Rare,Prime,0,300,4.2553,23.5
277,Belt,Bonus,Rare,Prime,0,300,4.2553,23.5
278,Shoulderpad,Bonus,Rare,Prime,0,300,4.2553,23.5
279,Top,Bonus,Rare,Prime,0,300,4.2553,23.5
280,Overall,Bonus,Rare,Prime,0,300,4.2553,23.5
281,Bottom,Bonus,Rare,Prime,0,300,4.2553,23.5
282,Shoes,Bonus,Rare,Prime,0,300,4.2553,23.5
283,Cape,Bonus,Rare,Prime,0,300,4.2553,23.5
284,Belt,Bonus,Rare,Prime,0,300,4.2553,23.5
285,Shoulderpad,Bonus,Rare,Prime,0,300,4.2553,23.5
286,Top,Bonus,Rare,Prime,0,300,4.2553,23.5
287,Overall,Bonus,Rare,Prime,0,300,4.2553,23.5
288,Bottom,Bonus,Rare,Prime,0,300,4.2553,23.5
289,Shoes,Bonus,Rare,Prime,0,300,4.2553,23.5
290,Cape,Bonus,Rare,Prime,0,300,4.2553,23.5
291,Belt,Bonus,Rare,Prime,0,300,4.2553,23.5
292,Shoulderpad,Bonus,Rare,Prime,0,300,4.2553,23.5
293,Top,Bonus,Rare,Prime,0,300,4.2553,23.5
294,Overall,Bonus,Rare,Prime,0,300,4.2553,23.5
295,Bottom,Bonus,Rare,Prime,0,300,4.2553,23.5
296,Shoes,Bonus,Rare,Prime,0,300,4.2553,23.5
297,Cape,Bonus,Rare,Prime,0,300,4.2553,23.5
298,Belt,Bonus,Rare,Prime,0,300,4.2553,23.5
299,Shoulderpad,Bonus,Rare,Prime,0,300,4.2553,23.5
300,Top,Bonus,Rare,Prime,0,300,4.2553,23.5
301,Overall,Bonus,Rare,Prime,0,300,4.2553,23.5
302,Bottom,Bonus,Rare,Prime,0,300,4.2553,23.5
303,Shoes,Bonus,Rare,Prime,0,300,4.2553,23.5
304,Cape,Bonus,Rare,Prime,0,300,4.2553,23.5
305,Belt,Bonus,Rare,Prime,0,300,4.2553,23.5
306,Shoulderpad,Bonus,Rare,Prime,0,300,4.2553,23.5
307,Top,Bonus,Epic,Prime,0,300,6,16.6666
308,Overall,Bonus,Epic,Prime,0,300,6,16.6666
309,Bottom,Bonus,Epic,Prime,0,300,6,16.6666
310,Shoes,Bonus,Epic,Prime,0,300,6,16.6666
311,Cape,Bonus,Epic,Prime,0,300,6,16.6666
312,Belt,Bonus,Epic,Prime,0,300,6,16.6666
313,Shoulderpad,Bonus,Epic,Prime,0,300,6,16.6666
314,Top,Bonus,Epic,Prime,0,300,6,16.6666
315,Overall,Bonus,Epic,Prime,0,300,6,16.6666
316,Bottom,Bonus,Epic,Prime,0,300,6,16.6666
317,Shoes,Bonus,Epic,Prime,0,300,6,16.6666
318,Cape,Bonus,Epic,Prime,0,300,6,16.6666
319,Belt,Bonus,Epic,Prime,0,300,6,16.6666
320,Shoulderpad,Bonus,Epic,Prime,0,300,6,16.6666
321,Top,Bonus,Epic,Prime,0,300,6,16.6666
322,Overall,Bonus,Epic,Prime,0,300,6,16.6666
323,Bottom,Bonus,Epic,Prime,0,300,6,16.6666
324,Shoes,Bonus,Epic,Prime,0,300,6,16.6666
325,Cape,Bonus,Epic,Prime,0,300,6,16.6666
326,Belt,Bonus,Epic,Prime,0,300,6,16.6666
327,Shoulderpad,Bonus,Epic,Prime,0,300,6,16.6666
328,Top,Bonus,Epic,Prime,0,300,6,16.6666
329,Overall,Bonus,Epic,Prime,0,300,6,16.6666
330,Bottom,Bonus,Epic,Prime,0,300,6,16.6666
331,Shoes,Bonus,Epic,Prime,0,300,6,16.6666
332,Cape,Bonus,Epic,Prime,0,300,6,16.6666
333,Belt,Bonus,Epic,Prime,0,300,6,16.6666
334,Shoulderpad,Bonus,Epic,Prime,0,300,6,16.6666
335,Top,Bonus,Epic,Prime,0,300,4,25
336,Overall,Bonus,Epic,Prime,0,300,4,25
337,Bottom,Bonus,Epic,Prime,0,300,4,25
338,Shoes,Bonus,Epic,Prime,0,300,4,25
339,Cape,Bonus,Epic,Prime,0,300,4,25
340,Belt,Bonus,Epic,Prime,0,300,4,25
341,Shoulderpad,Bonus,Epic,Prime,0,300,4,25
342,Top,Bonus,Epic,Prime,0,300,4,25
343,Overall,Bonus,Epic,Prime,0,300,4,25
344,Bottom,Bonus,Epic,Prime,0,300,4,25
345,Shoes,Bonus,Epic,Prime,0,300,4,25
346,Cape,Bonus,Epic,Prime,0,300,4,25
347,Belt,Bonus,Epic,Prime,0,300,4,25
348,Shoulderpad,Bonus,Epic,Prime,0,300,4,25
349,Top,Bonus,Epic,Prime,0,300,6,16.6666
350,Overall,Bonus,Epic,Prime,0,300,6,16.6666
351,Bottom,Bonus,Epic,Prime,0,300,6,16.6666
352,Shoes,Bonus,Epic,Prime,0,300,6,16.6666
353,Cape,Bonus,Epic,Prime,0,300,6,16.6666
354,Belt,Bonus,Epic,Prime,0,300,6,16.6666
355,Shoulderpad,Bonus,Epic,Prime,0,300,6,16.6666
356,Top,Bonus,Epic,Prime,0,300,6,16.6666
357,Overall,Bonus,Epic,Prime,0,300,6,16.6666
358,Bottom,Bonus,Epic,Prime,0,300,6,16.6666
359,Shoes,Bonus,Epic,Prime,0,300,6,16.6666
360,Cape,Bonus,Epic,Prime,0,300,6,16.6666
361,Belt,Bonus,Epic,Prime,0,300,6,16.6666
362,Shoulderpad,Bonus,Epic,Prime,0,300,6,16.6666
363,Top,Bonus,Epic,Prime,0,300,6,16.6666
364,Overall,Bonus,Epic,Prime,0,300,6,16.6666
365,Bottom,Bonus,Epic,Prime,0,300,6,16.6666
366,Shoes,Bonus,Epic,Prime,0,300,6,16.6666
367,Cape,Bonus,Epic,Prime,0,300,6,16.6666
368,Belt,Bonus,Epic,Prime,0,300,6,16.6666
369,Shoulderpad,Bonus,Epic,Prime,0,300,6,16.6666
370,Top,Bonus,Epic,Prime,0,300,6,16.6666
371,Overall,Bonus,Epic,Prime,0,300,6,16.6666
372,Bottom,Bonus,Epic,Prime,0,300,6,16.6666
373,Shoes,Bonus,Epic,Prime,0,300,6,16.6666
374,Cape,Bonus,Epic,Prime,0,300,6,16.6666
375,Belt,Bonus,Epic,Prime,0,300,6,16.6666
376,Shoulderpad,Bonus,Epic,Prime,0,300,6,16.6666
377,Top,Bonus,Epic,Prime,0,300,6,16.6666
378,Overall,Bonus,Epic,Prime,0,300,6,16.6666
379,Bottom,Bonus,Epic,Prime,0,300,6,16.6666
380,Shoes,Bonus,Epic,Prime,0,300,6,16.6666
381,Cape,Bonus,Epic,Prime,0,300,6,16.6666
382,Belt,Bonus,Epic,Prime,0,300,6,16.6666
383,Shoulderpad,Bonus,Epic,Prime,0,300,6,16.6666
384,Top,Bonus,Epic,Prime,0,300,4,25
385,Overall,Bonus,Epic,Prime,0,300,4,25
386,Bottom,Bonus,Epic,Prime,0,300,4,25
387,Shoes,Bonus,Epic,Prime,0,300,4,25
388,Cape,Bonus,Epic,Prime,0,300,4,25
389,Belt,Bonus,Epic,Prime,0,300,4,25
390,Shoulderpad,Bonus,Epic,Prime,0,300,4,25
391,Top,Bonus,Epic,Prime,0,300,4,25
392,Overall,Bonus,Epic,Prime,0,300,4,25
393,Bottom,Bonus,Epic,Prime,0,300,4,25
394,Shoes,Bonus,Epic,Prime,0,300,4,25
395,Cape,Bonus,Epic,Prime,0,300,4,25
396,Belt,Bonus,Epic,Prime,0,300,4,25
397,Shoulderpad,Bonus,Epic,Prime,0,300,4,25
398,Top,Bonus,Epic,Prime,0,300,4,25
399,Overall,Bonus,Epic,Prime,0,300,4,25
400,Bottom,Bonus,Epic,Prime,0,300,4,25
401,Shoes,Bonus,Epic,Prime,0,300,4,25
402,Cape,Bonus,Epic,Prime,0,300,4,25
403,Belt,Bonus,Epic,Prime,0,300,4,25
404,Shoulderpad,Bonus,Epic,Prime,0,300,4,25
405,Top,Bonus,Epic,Prime,0,300,4,25
406,Overall,Bonus,Epic,Prime,0,300,4,25
407,Bottom,Bonus,Epic,Prime,0,300,4,25
408,Shoes,Bonus,Epic,Prime,0,300,4,25
409,Cape,Bonus,Epic,Prime,0,300,4,25
410,Belt,Bonus,Epic,Prime,0,300,4,25
411,Shoulderpad,Bonus,Epic,Prime,0,300,4,25
412,Top,Bonus,Epic,Prime,0,300,6,16.6666
413,Overall,Bonus,Epic,Prime,0,300,6,16.6666
414,Bottom,Bonus,Epic,Prime,0,300,6,16.6666
415,Shoes,Bonus,Epic,Prime,0,300,6,16.6666
416,Cape,Bonus,Epic,Prime,0,300,6,16.6666
417,Belt,Bonus,Epic,Prime,0,300,6,16.6666
418,Shoulderpad,Bonus,Epic,Prime,0,300,6,16.6666
419,Top,Bonus,Epic,Prime,0,300,6,16.6666
420,Overall,Bonus,Epic,Prime,0,300,6,16.6666
421,Bottom,Bonus,Epic,Prime,0,300,6,16.6666
422,Shoes,Bonus,Epic,Prime,0,300,6,16.6666
423,Cape,Bonus,Epic,Prime,0,300,6,16.6666
424,Belt,Bonus,Epic,Prime,0,300,6,16.6666
425,Shoulderpad,Bonus,Epic,Prime,0,300,6,16.6666
426,Top,Bonus,Epic,Prime,0,300,6,16.6666
427,Overall,Bonus,Epic,Prime,0,300,6,16.6666
428,Bottom,Bonus,Epic,Prime,0,300,6,16.6666
429,Shoes,Bonus,Epic,Prime,0,300,6,16.6666
430,Cape,Bonus,Epic,Prime,0,300,6,16.6666
431,Belt,Bonus,Epic,Prime,0,300,6,16.6666
432,Shoulderpad,Bonus,Epic,Prime,0,300,6,16.6666
433,Top,Bonus,Epic,Prime,0,300,4,25
434,Overall,Bonus,Epic,Prime,0,300,4,25
435,Bottom,Bonus,Epic,Prime,0,300,4,25
436,Shoes,Bonus,Epic,Prime,0,300,4,25
437,Cape,Bonus,Epic,Prime,0,300,4,25
438,Belt,Bonus,Epic,Prime,0,300,4,25
439,Shoulderpad,Bonus,Epic,Prime,0,300,4,25
440,Top,Bonus,Unique,Prime,60,300,5.4545,18.3333
441,Overall,Bonus,Unique,Prime,60,300,5.4545,18.3333
442,Bottom,Bonus,Unique,Prime,60,300,5.4545,18.3333
443,Shoes,Bonus,Unique,Prime,60,300,5.4545,18.3333
444,Cape,Bonus,Unique,Prime,60,300,5.4545,18.3333
445,Belt,Bonus,Unique,Prime,60,300,5.4545,18.3333
446,Shoulderpad,Bonus,Unique,Prime,60,300,5.4545,18.3333
447,Top,Bonus,Unique,Prime,60,300,5.4545,18.3333
448,Overall,Bonus,Unique,Prime,60,300,5.4545,18.3333
449,Bottom,Bonus,Unique,Prime,60,300,5.4545,18.3333
450,Shoes,Bonus,Unique,Prime,60,300,5.4545,18.3333
451,Cape,Bonus,Unique,Prime,60,300,5.4545,18.3333
452,Belt,Bonus,Unique,Prime,60,300,5.4545,18.3333
453,Shoulderpad,Bonus,Unique,Prime,60,300,5.4545,18.3333
454,Top,Bonus,Unique,Prime,60,300,5.4545,18.3333
455,Overall,Bonus,Unique,Prime,60,300,5.4545,18.3333
456,Bottom,Bonus,Unique,Prime,60,300,5.4545,18.3333
457,Shoes,Bonus,Unique,Prime,60,300,5.4545,18.3333
458,Cape,Bonus,Unique,Prime,60,300,5.4545,18.3333
459,Belt,Bonus,Unique,Prime,60,300,5.4545,18.3333
460,Shoulderpad,Bonus,Unique,Prime,60,300,5.4545,18.3333
461,Top,Bonus,Unique,Prime,60,300,5.4545,18.3333
462,Overall,Bonus,Unique,Prime,60,300,5.4545,18.3333
463,Bottom,Bonus,Unique,Prime,60,300,5.4545,18.3333
464,Shoes,Bonus,Unique,Prime,60,300,5.4545,18.3333
465,Cape,Bonus,Unique,Prime,60,300,5.4545,18.3333
466,Belt,Bonus,Unique,Prime,60,300,5.4545,18.3333
467,Shoulderpad,Bonus,Unique,Prime,60,300,5.4545,18.3333
468,Top,Bonus,Unique,Prime,60,300,3.6363,27.5
469,Overall,Bonus,Unique,Prime,60,300,3.6363,27.5
470,Bottom,Bonus,Unique,Prime,60,300,3.6363,27.5
471,Shoes,Bonus,Unique,Prime,60,300,3.6363,27.5
472,Cape,Bonus,Unique,Prime,60,300,3.6363,27.5
473,Belt,Bonus,Unique,Prime,60,300,3.6363,27.5
474,Shoulderpad,Bonus,Unique,Prime,60,300,3.6363,27.5
475,Top,Bonus,Unique,Prime,60,300,3.6363,27.5
476,Overall,Bonus,Unique,Prime,60,300,3.6363,27.5
477,Bottom,Bonus,Unique,Prime,60,300,3.6363,27.5
478,Shoes,Bonus,Unique,Prime,60,300,3.6363,27.5
479,Cape,Bonus,Unique,Prime,60,300,3.6363,27.5
480,Belt,Bonus,Unique,Prime,60,300,3.6363,27.5
481,Shoulderpad,Bonus,Unique,Prime,60,300,3.6363,27.5
482,Top,Bonus,Unique,Prime,60,300,5.4545,18.3333
483,Overall,Bonus,Unique,Prime,60,300,5.4545,18.3333
484,Bottom,Bonus,Unique,Prime,60,300,5.4545,18.3333
485,Shoes,Bonus,Unique,Prime,60,300,5.4545,18.3333
486,Cape,Bonus,Unique,Prime,60,300,5.4545,18.3333
487,Belt,Bonus,Unique,Prime,60,300,5.4545,18.3333
488,Shoulderpad,Bonus,Unique,Prime,60,300,5.4545,18.3333
489,Top,Bonus,Unique,Prime,60,300,5.4545,18.3333
490,Overall,Bonus,Unique,Prime,60,300,5.4545,18.3333
491,Bottom,Bonus,Unique,Prime,60,300,5.4545,18.3333
492,Shoes,Bonus,Unique,Prime,60,300,5.4545,18.3333
493,Cape,Bonus,Unique,Prime,60,300,5.4545,18.3333
494,Belt,Bonus,Unique,Prime,60,300,5.4545,18.3333
495,Shoulderpad,Bonus,Unique,Prime,60,300,5.4545,18.3333
496,Top,Bonus,Unique,Prime,60,300,5.4545,18.3333
497,Overall,Bonus,Unique,Prime,60,300,5.4545,18.3333
498,Bottom,Bonus,Unique,Prime,60,300,5.4545,18.3333
499,Shoes,Bonus,Unique,Prime,60,300,5.4545,18.3333
500,Cape,Bonus,Unique,Prime,60,300,5.4545,18.3333
501,Belt,Bonus,Unique,Prime,60,300,5.4545,18.3333
502,Shoulderpad,Bonus,Unique,Prime,60,300,5.4545,18.3333
503,Top,Bonus,Unique,Prime,60,300,3.6363,27.5
504,Overall,Bonus,Unique,Prime,60,300,3.6363,27.5
505,Bottom,Bonus,Unique,Prime,60,300,3.6363,27.5
506,Shoes,Bonus,Unique,Prime,60,300,3.6363,27.5
507,Cape,Bonus,Unique,Prime,60,300,3.6363,27.5
508,Belt,Bonus,Unique,Prime,60,300,3.6363,27.5
509,Shoulderpad,Bonus,Unique,Prime,60,300,3.6363,27.5
510,Top,Bonus,Unique,Prime,60,300,3.6363,27.5
511,Overall,Bonus,Unique,Prime,60,300,3.6363,27.5
512,Bottom,Bonus,Unique,Prime,60,300,3.6363,27.5
513,Shoes,Bonus,Unique,Prime,60,300,3.6363,27.5
514,Cape,Bonus,Unique,Prime,60,300,3.6363,27.5
515,Belt,Bonus,Unique,Prime,60,300,3.6363,27.5
516,Shoulderpad,Bonus,Unique,Prime,60,300,3.6363,27.5
517,Top,Bonus,Unique,Prime,60,300,3.6363,27.5
518,Overall,Bonus,Unique,Prime,60,300,3.6363,27.5
519,Bottom,Bonus,Unique,Prime,60,300,3.6363,27.5
520,Shoes,Bonus,Unique,Prime,60,300,3.6363,27.5
521,Cape,Bonus,Unique,Prime,60,300,3.6363,27.5
522,Belt,Bonus,Unique,Prime,60,300,3.6363,27.5
523,Shoulderpad,Bonus,Unique,Prime,60,300,3.6363,27.5
524,Top,Bonus,Unique,Prime,60,300,3.6363,27.5
525,Overall,Bonus,Unique,Prime,60,300,3.6363,27.5
526,Bottom,Bonus,Unique,Prime,60,300,3.6363,27.5
527,Shoes,Bonus,Unique,Prime,60,300,3.6363,27.5
528,Cape,Bonus,Unique,Prime,60,300,3.6363,27.5
529,Belt,Bonus,Unique,Prime,60,300,3.6363,27.5
530,Shoulderpad,Bonus,Unique,Prime,60,300,3.6363,27.5
531,Top,Bonus,Unique,Prime,60,300,5.4545,18.3333
532,Overall,Bonus,Unique,Prime,60,300,5.4545,18.3333
533,Bottom,Bonus,Unique,Prime,60,300,5.4545,18.3333
534,Shoes,Bonus,Unique,Prime,60,300,5.4545,18.3333
535,Cape,Bonus,Unique,Prime,60,300,5.4545,18.3333
536,Belt,Bonus,Unique,Prime,60,300,5.4545,18.3333
537,Shoulderpad,Bonus,Unique,Prime,60,300,5.4545,18.3333
538,Top,Bonus,Unique,Prime,60,300,5.4545,18.3333
539,Overall,Bonus,Unique,Prime,60,300,5.4545,18.3333
540,Bottom,Bonus,Unique,Prime,60,300,5.4545,18.3333
541,Shoes,Bonus,Unique,Prime,60,300,5.4545,18.3333
542,Cape,Bonus,Unique,Prime,60,300,5.4545,18.3333
543,Belt,Bonus,Unique,Prime,60,300,5.4545,18.3333
544,Shoulderpad,Bonus,Unique,Prime,60,300,5.4545,18.3333
545,Top,Bonus,Unique,Prime,60,300,5.4545,18.3333
546,Overall,Bonus,Unique,Prime,60,300,5.4545,18.3333
547,Bottom,Bonus,Unique,Prime,60,300,5.4545,18.3333
548,Shoes,Bonus,Unique,Prime,60,300,5.4545,18.3333
549,Cape,Bonus,Unique,Prime,60,300,5.4545,18.3333
550,Belt,Bonus,Unique,Prime,60,300,5.4545,18.3333
551,Shoulderpad,Bonus,Unique,Prime,60,300,5.4545,18.3333
552,Top,Bonus,Unique,Prime,60,300,3.6363,27.5
553,Overall,Bonus,Unique,Prime,60,300,3.6363,27.5
554,Bottom,Bonus,Unique,Prime,60,300,3.6363,27.5
555,Shoes,Bonus,Unique,Prime,60,300,3.6363,27.5
556,Cape,Bonus,Unique,Prime,60,300,3.6363,27.5
557,Belt,Bonus,Unique,Prime,60,300,3.6363,27.5
558,Shoulderpad,Bonus,Unique,Prime,60,300,3.6363,27.5
559,Top,Bonus,Unique,Prime,60,300,5.4545,18.3333
560,Overall,Bonus,Unique,Prime,60,300,5.4545,18.3333
561,Bottom,Bonus,Unique,Prime,60,300,5.4545,18.3333
562,Shoes,Bonus,Unique,Prime,60,300,5.4545,18.3333
563,Cape,Bonus,Unique,Prime,60,300,5.4545,18.3333
564,Belt,Bonus,Unique,Prime,60,300,5.4545,18.3333
565,Shoulderpad,Bonus,Unique,Prime,60,300,5.4545,18.3333
566,Top,Bonus,Unique,Prime,60,300,3.6363,27.5
567,Overall,Bonus,Unique,Prime,60,300,3.6363,27.5
568,Bottom,Bonus,Unique,Prime,60,300,3.6363,27.5
569,Shoes,Bonus,Unique,Prime,60,300,3.6363,27.5
570,Cape,Bonus,Unique,Prime,60,300,3.6363,27.5
571,Belt,Bonus,Unique,Prime,60,300,3.6363,27.5
572,Shoulderpad,Bonus,Unique,Prime,60,300,3.6363,27.5
573,Top,Bonus,Unique,Prime,60,300,3.6363,27.5
574,Overall,Bonus,Unique,Prime,60,300,3.6363,27.5
575,Bottom,Bonus,Unique,Prime,60,300,3.6363,27.5
576,Shoes,Bonus,Unique,Prime,60,300,3.6363,27.5
577,Cape,Bonus,Unique,Prime,60,300,3.6363,27.5
578,Belt,Bonus,Unique,Prime,60,300,3.6363,27.5
579,Shoulderpad,Bonus,Unique,Prime,60,300,3.6363,27.5
580,Top,Bonus,Unique,Prime,60,300,3.6363,27.5
581,Overall,Bonus,Unique,Prime,60,300,3.6363,27.5
582,Bottom,Bonus,Unique,Prime,60,300,3.6363,27.5
583,Shoes,Bonus,Unique,Prime,60,300,3.6363,27.5
584,Cape,Bonus,Unique,Prime,60,300,3.6363,27.5
585,Belt,Bonus,Unique,Prime,60,300,3.6363,27.5
586,Shoulderpad,Bonus,Unique,Prime,60,300,3.6363,27.5
587,Top,Bonus,Unique,Prime,60,300,3.6363,27.5
588,Overall,Bonus,Unique,Prime,60,300,3.6363,27.5
589,Bottom,Bonus,Unique,Prime,60,300,3.6363,27.5
590,Shoes,Bonus,Unique,Prime,60,300,3.6363,27.5
591,Cape,Bonus,Unique,Prime,60,300,3.6363,27.5
592,Belt,Bonus,Unique,Prime,60,300,3.6363,27.5
593,Shoulderpad,Bonus,Unique,Prime,60,300,3.6363,27.5
594,Top,Bonus,Legendary,Prime,70,300,4.7619,21
595,Overall,Bonus,Legendary,Prime,70,300,4.7619,21
596,Bottom,Bonus,Legendary,Prime,70,300,4.7619,21
597,Shoes,Bonus,Legendary,Prime,70,300,4.7619,21
598,Cape,Bonus,Legendary,Prime,70,300,4.7619,21
599,Belt,Bonus,Legendary,Prime,70,300,4.7619,21
600,Shoulderpad,Bonus,Legendary,Prime,70,300,4.7619,21
601,Top,Bonus,Legendary,Prime,70,300,4.7619,21
602,Overall,Bonus,Legendary,Prime,70,300,4.7619,21
603,Bottom,Bonus,Legendary,Prime,70,300,4.7619,21
604,Shoes,Bonus,Legendary,Prime,70,300,4.7619,21
605,Cape,Bonus,Legendary,Prime,70,300,4.7619,21
606,Belt,Bonus,Legendary,Prime,70,300,4.7619,21
607,Shoulderpad,Bonus,Legendary,Prime,70,300,4.7619,21
608,Top,Bonus,Legendary,Prime,70,300,4.7619,21
609,Overall,Bonus,Legendary,Prime,70,300,4.7619,21
610,Bottom,Bonus,Legendary,Prime,70,300,4.7619,21
611,Shoes,Bonus,Legendary,Prime,70,300,4.7619,21
612,Cape,Bonus,Legendary,Prime,70,300,4.7619,21
613,Belt,Bonus,Legendary,Prime,70,300,4.7619,21
614,Shoulderpad,Bonus,Legendary,Prime,70,300,4.7619,21
615,Top,Bonus,Legendary,Prime,70,300,4.7619,21
616,Overall,Bonus,Legendary,Prime,70,300,4.7619,21
617,Bottom,Bonus,Legendary,Prime,70,300,4.7619,21
618,Shoes,Bonus,Legendary,Prime,70,300,4.7619,21
619,Cape,Bonus,Legendary,Prime,70,300,4.7619,21
620,Belt,Bonus,Legendary,Prime,70,300,4.7619,21
621,Shoulderpad,Bonus,Legendary,Prime,70,300,4.7619,21
622,Top,Bonus,Legendary,Prime,70,300,3.1746,31.5
623,Overall,Bonus,Legendary,Prime,70,300,3.1746,31.5
624,Bottom,Bonus,Legendary,Prime,70,300,3.1746,31.5
625,Shoes,Bonus,Legendary,Prime,70,300,3.1746,31.5
626,Cape,Bonus,Legendary,Prime,70,300,3.1746,31.5
627,Belt,Bonus,Legendary,Prime,70,300,3.1746,31.5
628,Shoulderpad,Bonus,Legendary,Prime,70,300,3.1746,31.5
629,Top,Bonus,Legendary,Prime,70,300,3.1746,31.5
630,Overall,Bonus,Legendary,Prime,70,300,3.1746,31.5
631,Bottom,Bonus,Legendary,Prime,70,300,3.1746,31.5
632,Shoes,Bonus,Legendary,Prime,70,300,3.1746,31.5
633,Cape,Bonus,Legendary,Prime,70,300,3.1746,31.5
634,Belt,Bonus,Legendary,Prime,70,300,3.1746,31.5
635,Shoulderpad,Bonus,Legendary,Prime,70,300,3.1746,31.5
636,Top,Bonus,Legendary,Prime,70,300,4.7619,21
637,Overall,Bonus,Legendary,Prime,70,300,4.7619,21
638,Bottom,Bonus,Legendary,Prime,70,300,4.7619,21
639,Shoes,Bonus,Legendary,Prime,70,300,4.7619,21
640,Cape,Bonus,Legendary,Prime,70,300,4.7619,21
641,Belt,Bonus,Legendary,Prime,70,300,4.7619,21
642,Shoulderpad,Bonus,Legendary,Prime,70,300,4.7619,21
643,Top,Bonus,Legendary,Prime,70,300,4.7619,21
644,Overall,Bonus,Legendary,Prime,70,300,4.7619,21
645,Bottom,Bonus,Legendary,Prime,70,300,4.7619,21
646,Shoes,Bonus,Legendary,Prime,70,300,4.7619,21
647,Cape,Bonus,Legendary,Prime,70,300,4.7619,21
648,Belt,Bonus,Legendary,Prime,70,300,4.7619,21
649,Shoulderpad,Bonus,Legendary,Prime,70,300,4.7619,21
650,Top,Bonus,Legendary,Prime,70,300,4.7619,21
651,Overall,Bonus,Legendary,Prime,70,300,4.7619,21
652,Bottom,Bonus,Legendary,Prime,70,300,4.7619,21
653,Shoes,Bonus,Legendary,Prime,70,300,4.7619,21
654,Cape,Bonus,Legendary,Prime,70,300,4.7619,21
655,Belt,Bonus,Legendary,Prime,70,300,4.7619,21
656,Shoulderpad,Bonus,Legendary,Prime,70,300,4.7619,21
657,Top,Bonus,Legendary,Prime,70,300,3.1746,31.5
658,Overall,Bonus,Legendary,Prime,70,300,3.1746,31.5
659,Bottom,Bonus,Legendary,Prime,70,300,3.1746,31.5
660,Shoes,Bonus,Legendary,Prime,70,300,3.1746,31.5
661,Cape,Bonus,Legendary,Prime,70,300,3.1746,31.5
662,Belt,Bonus,Legendary,Prime,70,300,3.1746,31.5
663,Shoulderpad,Bonus,Legendary,Prime,70,300,3.1746,31.5
664,Top,Bonus,Legendary,Prime,70,300,3.1746,31.5
665,Overall,Bonus,Legendary,Prime,70,300,3.1746,31.5
666,Bottom,Bonus,Legendary,Prime,70,300,3.1746,31.5
667,Shoes,Bonus,Legendary,Prime,70,300,3.1746,31.5
668,Cape,Bonus,Legendary,Prime,70,300,3.1746,31.5
669,Belt,Bonus,Legendary,Prime,70,300,3.1746,31.5
670,Shoulderpad,Bonus,Legendary,Prime,70,300,3.1746,31.5
671,Top,Bonus,Legendary,Prime,70,300,3.1746,31.5
672,Overall,Bonus,Legendary,Prime,70,300,3.1746,31.5
673,Bottom,Bonus,Legendary,Prime,70,300,3.1746,31.5
674,Shoes,Bonus,Legendary,Prime,70,300,3.1746,31.5
675,Cape,Bonus,Legendary,Prime,70,300,3.1746,31.5
676,Belt,Bonus,Legendary,Prime,70,300,3.1746,31.5
677,Shoulderpad,Bonus,Legendary,Prime,70,300,3.1746,31.5
678,Top,Bonus,Legendary,Prime,70,300,3.1746,31.5
679,Overall,Bonus,Legendary,Prime,70,300,3.1746,31.5
680,Bottom,Bonus,Legendary,Prime,70,300,3.1746,31.5
681,Shoes,Bonus,Legendary,Prime,70,300,3.1746,31.5
682,Cape,Bonus,Legendary,Prime,70,300,3.1746,31.5
683,Belt,Bonus,Legendary,Prime,70,300,3.1746,31.5
684,Shoulderpad,Bonus,Legendary,Prime,70,300,3.1746,31.5
685,Top,Bonus,Legendary,Prime,70,300,4.7619,21
686,Overall,Bonus,Legendary,Prime,70,300,4.7619,21
687,Bottom,Bonus,Legendary,Prime,70,300,4.7619,21
688,Shoes,Bonus,Legendary,Prime,70,300,4.7619,21
689,Cape,Bonus,Legendary,Prime,70,300,4.7619,21
690,Belt,Bonus,Legendary,Prime,70,300,4.7619,21
691,Shoulderpad,Bonus,Legendary,Prime,70,300,4.7619,21
692,Top,Bonus,Legendary,Prime,70,300,4.7619,21
693,Overall,Bonus,Legendary,Prime,70,300,4.7619,21
694,Bottom,Bonus,Legendary,Prime,70,300,4.7619,21
695,Shoes,Bonus,Legendary,Prime,70,300,4.7619,21
696,Cape,Bonus,Legendary,Prime,70,300,4.7619,21
697,Belt,Bonus,Legendary,Prime,70,300,4.7619,21
698,Shoulderpad,Bonus,Legendary,Prime,70,300,4.7619,21
699,Top,Bonus,Legendary,Prime,70,300,4.7619,21
700,Overall,Bonus,Legendary,Prime,70,300,4.7619,21
701,Bottom,Bonus,Legendary,Prime,70,300,4.7619,21
702,Shoes,Bonus,Legendary,Prime,70,300,4.7619,21
703,Cape,Bonus,Legendary,Prime,70,300,4.7619,21
704,Belt,Bonus,Legendary,Prime,70,300,4.7619,21
705,Shoulderpad,Bonus,Legendary,Prime,70,300,4.7619,21
706,Top,Bonus,Legendary,Prime,70,300,3.1746,31.5
707,Overall,Bonus,Legendary,Prime,70,300,3.1746,31.5
708,Bottom,Bonus,Legendary,Prime,70,300,3.1746,31.5
709,Shoes,Bonus,Legendary,Prime,70,300,3.1746,31.5
710,Cape,Bonus,Legendary,Prime,70,300,3.1746,31.5
711,Belt,Bonus,Legendary,Prime,70,300,3.1746,31.5
712,Shoulderpad,Bonus,Legendary,Prime,70,300,3.1746,31.5
713,Top,Bonus,Legendary,Prime,70,300,3.1746,31.5
714,Overall,Bonus,Legendary,Prime,70,300,3.1746,31.5
715,Bottom,Bonus,Legendary,Prime,70,300,3.1746,31.5
716,Shoes,Bonus,Legendary,Prime,70,300,3.1746,31.5
717,Cape,Bonus,Legendary,Prime,70,300,3.1746,31.5
718,Belt,Bonus,Legendary,Prime,70,300,3.1746,31.5
719,Shoulderpad,Bonus,Legendary,Prime,70,300,3.1746,31.5
720,Top,Bonus,Legendary,Prime,70,300,3.1746,31.5
721,Overall,Bonus,Legendary,Prime,70,300,3.1746,31.5
722,Bottom,Bonus,Legendary,Prime,70,300,3.1746,31.5
723,Shoes,Bonus,Legendary,Prime,70,300,3.1746,31.5
724,Cape,Bonus,Legendary,Prime,70,300,3.1746,31.5
725,Belt,Bonus,Legendary,Prime,70,300,3.1746,31.5
726,Shoulderpad,Bonus,Legendary,Prime,70,300,3.1746,31.5
727,Top,Bonus,Legendary,Prime,70,300,3.1746,31.5
728,Overall,Bonus,Legendary,Prime,70,300,3.1746,31.5
729,Bottom,Bonus,Legendary,Prime,70,300,3.1746,31.5
730,Shoes,Bonus,Legendary,Prime,70,300,3.1746,31.5
731,Cape,Bonus,Legendary,Prime,70,300,3.1746,31.5
732,Belt,Bonus,Legendary,Prime,70,300,3.1746,31.5
733,Shoulderpad,Bonus,Legendary,Prime,70,300,3.1746,31.5
734,Top,Bonus,Legendary,Prime,70,300,3.1746,31.5
735,Overall,Bonus,Legendary,Prime,70,300,3.1746,31.5
736,Bottom,Bonus,Legendary,Prime,70,300,3.1746,31.5
737,Shoes,Bonus,Legendary,Prime,70,300,3.1746,31.5
738,Cape,Bonus,Legendary,Prime,70,300,3.1746,31.5
739,Belt,Bonus,Legendary,Prime,70,300,3.1746,31.5
740,Shoulderpad,Bonus,Legendary,Prime,70,300,3.1746,31.5
741,Top,Bonus,Legendary,Prime,70,300,3.1746,31.5
742,Overall,Bonus,Legendary,Prime,70,300,3.1746,31.5
743,Bottom,Bonus,Legendary,Prime,70,300,3.1746,31.5
744,Shoes,Bonus,Legendary,Prime,70,300,3.1746,31.5
745,Cape,Bonus,Legendary,Prime,70,300,3.1746,31.5
746,Belt,Bonus,Legendary,Prime,70,300,3.1746,31.5
747,Shoulderpad,Bonus,Legendary,Prime,70,300,3.1746,31.5
748,Top,Bonus,Legendary,Prime,70,300,4.7619,21
749,Overall,Bonus,Legendary,Prime,70,300,4.7619,21
750,Bottom,Bonus,Legendary,Prime,70,300,4.7619,21
751,Shoes,Bonus,Legendary,Prime,70,300,4.7619,21
752,Cape,Bonus,Legendary,Prime,70,300,4.7619,21
753,Belt,Bonus,Legendary,Prime,70,300,4.7619,21
754,Shoulderpad,Bonus,Legendary,Prime,70,300,4.7619,21
755,Top,Bonus,Legendary,Prime,70,300,4.7619,21
756,Overall,Bonus,Legendary,Prime,70,300,4.7619,21
757,Bottom,Bonus,Legendary,Prime,70,300,4.7619,21
758,Shoes,Bonus,Legendary,Prime,70,300,4.7619,21
759,Cape,Bonus,Legendary,Prime,70,300,4.7619,21
760,Belt,Bonus,Legendary,Prime,70,300,4.7619,21
761,Shoulderpad,Bonus,Legendary,Prime,70,300,4.7619,21
762,Top,Bonus,Legendary,Prime,70,300,4.7619,21
763,Overall,Bonus,Legendary,Prime,70,300,4.7619,21
764,Bottom,Bonus,Legendary,Prime,70,300,4.7619,21
765,Shoes,Bonus,Legendary,Prime,70,300,4.7619,21
766,Cape,Bonus,Legendary,Prime,70,300,4.7619,21
767,Belt,Bonus,Legendary,Prime,70,300,4.7619,21
768,Shoulderpad,Bonus,Legendary,Prime,70,300,4.7619,21
769,Gloves,Bonus,Rare,Non prime,0,300,7.4074,13.5
770,Gloves,Bonus,Rare,Non prime,0,300,7.4074,13.5
771,Gloves,Bonus,Rare,Non prime,0,300,7.4074,13.5
772,Gloves,Bonus,Rare,Non prime,0,300,7.4074,13.5
773,Gloves,Bonus,Rare,Non prime,0,300,7.4074,13.5
774,Gloves,Bonus,Rare,Non prime,0,300,7.4074,13.5
775,Gloves,Bonus,Rare,Non prime,0,300,11.1111,9
776,Gloves,Bonus,Rare,Non prime,0,300,11.1111,9
777,Gloves,Bonus,Rare,Non prime,0,300,11.1111,9
778,Gloves,Bonus,Rare,Non prime,0,300,11.1111,9
779,Gloves,Bonus,Rare,Non prime,0,300,11.1111,9
780,Gloves,Bonus,Rare,Prime,0,300,6.3829,15.6666
781,Gloves,Bonus,Rare,Prime,0,300,6.3829,15.6666
782,Gloves,Bonus,Rare,Prime,0,300,6.3829,15.6666
783,Gloves,Bonus,Rare,Prime,0,300,6.3829,15.6666
784,Gloves,Bonus,Rare,Prime,0,300,4.2553,23.5
785,Gloves,Bonus,Rare,Prime,0,300,4.2553,23.5
786,Gloves,Bonus,Rare,Prime,0,300,6.3829,15.6666
787,Gloves,Bonus,Rare,Prime,0,300,6.3829,15.6666
788,Gloves,Bonus,Rare,Prime,0,300,6.3829,15.6666
789,Gloves,Bonus,Rare,Prime,0,300,6.3829,15.6666
790,Gloves,Bonus,Rare,Prime,0,300,6.3829,15.6666
791,Gloves,Bonus,Rare,Prime,0,300,4.2553,23.5
792,Gloves,Bonus,Rare,Prime,0,300,4.2553,23.5
793,Gloves,Bonus,Rare,Prime,0,300,4.2553,23.5
794,Gloves,Bonus,Rare,Prime,0,300,4.2553,23.5
795,Gloves,Bonus,Rare,Prime,0,300,4.2553,23.5
796,Gloves,Bonus,Rare,Prime,0,300,4.2553,23.5
797,Gloves,Bonus,Rare,Prime,0,300,4.2553,23.5
798,Gloves,Bonus,Rare,Prime,0,300,4.2553,23.5
799,Gloves,Bonus,Epic,Prime,0,300,6,16.6666
800,Gloves,Bonus,Epic,Prime,0,300,6,16.6666
801,Gloves,Bonus,Epic,Prime,0,300,6,16.6666
802,Gloves,Bonus,Epic,Prime,0,300,6,16.6666
803,Gloves,Bonus,Epic,Prime,0,300,4,25
804,Gloves,Bonus,Epic,Prime,0,300,4,25
805,Gloves,Bonus,Epic,Prime,0,300,6,16.6666
806,Gloves,Bonus,Epic,Prime,0,300,6,16.6666
807,Gloves,Bonus,Epic,Prime,0,300,6,16.6666
808,Gloves,Bonus,Epic,Prime,0,300,6,16.6666
809,Gloves,Bonus,Epic,Prime,0,300,6,16.6666
810,Gloves,Bonus,Epic,Prime,0,300,4,25
811,Gloves,Bonus,Epic,Prime,0,300,4,25
812,Gloves,Bonus,Epic,Prime,0,300,4,25
813,Gloves,Bonus,Epic,Prime,0,300,4,25
814,Gloves,Bonus,Epic,Prime,0,300,6,16.6666
815,Gloves,Bonus,Epic,Prime,0,300,6,16.6666
816,Gloves,Bonus,Epic,Prime,0,300,6,16.6666
817,Gloves,Bonus,Epic,Prime,0,300,4,25
818,Gloves,Bonus,Unique,Prime,60,300,5.4545,18.3333
819,Gloves,Bonus,Unique,Prime,60,300,5.4545,18.3333
820,Gloves,Bonus,Unique,Prime,60,300,5.4545,18.3333
821,Gloves,Bonus,Unique,Prime,60,300,5.4545,18.3333
822,Gloves,Bonus,Unique,Prime,60,300,3.6363,27.5
823,Gloves,Bonus,Unique,Prime,60,300,3.6363,27.5
824,Gloves,Bonus,Unique,Prime,60,300,5.4545,18.3333
825,Gloves,Bonus,Unique,Prime,60,300,5.4545,18.3333
826,Gloves,Bonus,Unique,Prime,60,300,5.4545,18.3333
827,Gloves,Bonus,Unique,Prime,60,300,3.6363,27.5
828,Gloves,Bonus,Unique,Prime,60,300,3.6363,27.5
829,Gloves,Bonus,Unique,Prime,60,300,3.6363,27.5
830,Gloves,Bonus,Unique,Prime,60,300,3.6363,27.5
831,Gloves,Bonus,Unique,Prime,60,300,5.4545,18.3333
832,Gloves,Bonus,Unique,Prime,60,300,5.4545,18.3333
833,Gloves,Bonus,Unique,Prime,60,300,5.4545,18.3333
834,Gloves,Bonus,Unique,Prime,60,300,3.6363,27.5
835,Gloves,Bonus,Unique,Prime,60,300,5.4545,18.3333
836,Gloves,Bonus,Unique,Prime,60,300,3.6363,27.5
837,Gloves,Bonus,Unique,Prime,60,300,3.6363,27.5
838,Gloves,Bonus,Unique,Prime,60,300,3.6363,27.5
839,Gloves,Bonus,Unique,Prime,60,300,3.6363,27.5
840,Gloves,Bonus,Legendary,Prime,70,300,4.6153,21.6666
841,Gloves,Bonus,Legendary,Prime,70,300,4.6153,21.6666
842,Gloves,Bonus,Legendary,Prime,70,300,4.6153,21.6666
843,Gloves,Bonus,Legendary,Prime,70,300,4.6153,21.6666
844,Gloves,Bonus,Legendary,Prime,70,300,3.0769,32.5
845,Gloves,Bonus,Legendary,Prime,70,300,3.0769,32.5
846,Gloves,Bonus,Legendary,Prime,70,300,4.6153,21.6666
847,Gloves,Bonus,Legendary,Prime,70,300,4.6153,21.6666
848,Gloves,Bonus,Legendary,Prime,70,300,4.6153,21.6666
849,Gloves,Bonus,Legendary,Prime,70,300,3.0769,32.5
850,Gloves,Bonus,Legendary,Prime,70,300,3.0769,32.5
851,Gloves,Bonus,Legendary,Prime,70,300,3.0769,32.5
852,Gloves,Bonus,Legendary,Prime,70,300,3.0769,32.5
853,Gloves,Bonus,Legendary,Prime,70,300,4.6153,21.6666
854,Gloves,Bonus,Legendary,Prime,70,300,4.6153,21.6666
855,Gloves,Bonus,Legendary,Prime,70,300,4.6153,21.6666
856,Gloves,Bonus,Legendary,Prime,70,300,3.0769,32.5
857,Gloves,Bonus,Legendary,Prime,70,300,3.0769,32.5
858,Gloves,Bonus,Legendary,Prime,70,300,3.0769,32.5
859,Gloves,Bonus,Legendary,Prime,70,300,3.0769,32.5
860,Gloves,Bonus,Legendary,Prime,70,300,3.0769,32.5
861,Gloves,Bonus,Legendary,Prime,70,300,3.0769,32.5
862,Gloves,Bonus,Legendary,Prime,70,300,3.0769,32.5
863,Gloves,Bonus,Legendary,Prime,70,300,4.6153,21.6666
864,Gloves,Bonus,Legendary,Prime,70,300,4.6153,21.6666
865,Gloves,Bonus,Legendary,Prime,70,300,4.6153,21.6666
866,Face Accessory,Bonus,Rare,Non prime,0,300,7.4074,13.5
867,Eye Accessory,Bonus,Rare,Non prime,0,300,7.4074,13.5
868,Ring,Bonus,Rare,Non prime,0,300,7.4074,13.5
869,Earring,Bonus,Rare,Non prime,0,300,7.4074,13.5
870,Pendant,Bonus,Rare,Non prime,0,300,7.4074,13.5
871,Face Accessory,Bonus,Rare,Non prime,0,300,7.4074,13.5
872,Eye Accessory,Bonus,Rare,Non prime,0,300,7.4074,13.5
873,Ring,Bonus,Rare,Non prime,0,300,7.4074,13.5
874,Earring,Bonus,Rare,Non prime,0,300,7.4074,13.5
875,Pendant,Bonus,Rare,Non prime,0,300,7.4074,13.5
876,Face Accessory,Bonus,Rare,Non prime,0,300,7.4074,13.5
877,Eye Accessory,Bonus,Rare,Non prime,0,300,7.4074,13.5
878,Ring,Bonus,Rare,Non prime,0,300,7.4074,13.5
879,Earring,Bonus,Rare,Non prime,0,300,7.4074,13.5
880,Pendant,Bonus,Rare,Non prime,0,300,7.4074,13.5
881,Face Accessory,Bonus,Rare,Non prime,0,300,7.4074,13.5
882,Eye Accessory,Bonus,Rare,Non prime,0,300,7.4074,13.5
883,Ring,Bonus,Rare,Non prime,0,300,7.4074,13.5
884,Earring,Bonus,Rare,Non prime,0,300,7.4074,13.5
885,Pendant,Bonus,Rare,Non prime,0,300,7.4074,13.5
886,Face Accessory,Bonus,Rare,Non prime,0,300,7.4074,13.5
887,Eye Accessory,Bonus,Rare,Non prime,0,300,7.4074,13.5
888,Ring,Bonus,Rare,Non prime,0,300,7.4074,13.5
889,Earring,Bonus,Rare,Non prime,0,300,7.4074,13.5
890,Pendant,Bonus,Rare,Non prime,0,300,7.4074,13.5
891,Face Accessory,Bonus,Rare,Non prime,0,300,7.4074,13.5
892,Eye Accessory,Bonus,Rare,Non prime,0,300,7.4074,13.5
893,Ring,Bonus,Rare,Non prime,0,300,7.4074,13.5
894,Earring,Bonus,Rare,Non prime,0,300,7.4074,13.5
895,Pendant,Bonus,Rare,Non prime,0,300,7.4074,13.5
896,Face Accessory,Bonus,Rare,Non prime,0,300,11.1111,9
897,Eye Accessory,Bonus,Rare,Non prime,0,300,11.1111,9
898,Ring,Bonus,Rare,Non prime,0,300,11.1111,9
899,Earring,Bonus,Rare,Non prime,0,300,11.1111,9
900,Pendant,Bonus,Rare,Non prime,0,300,11.1111,9
901,Face Accessory,Bonus,Rare,Non prime,0,300,11.1111,9
902,Eye Accessory,Bonus,Rare,Non prime,0,300,11.1111,9
903,Ring,Bonus,Rare,Non prime,0,300,11.1111,9
904,Earring,Bonus,Rare,Non prime,0,300,11.1111,9
905,Pendant,Bonus,Rare,Non prime,0,300,11.1111,9
906,Face Accessory,Bonus,Rare,Non prime,0,300,11.1111,9
907,Eye Accessory,Bonus,Rare,Non prime,0,300,11.1111,9
908,Ring,Bonus,Rare,Non prime,0,300,11.1111,9
909,Earring,Bonus,Rare,Non prime,0,300,11.1111,9
910,Pendant,Bonus,Rare,Non prime,0,300,11.1111,9
911,Face Accessory,Bonus,Rare,Non prime,0,300,11.1111,9
912,Eye Accessory,Bonus,Rare,Non prime,0,300,11.1111,9
913,Ring,Bonus,Rare,Non prime,0,300,11.1111,9
914,Earring,Bonus,Rare,Non prime,0,300,11.1111,9
915,Pendant,Bonus,Rare,Non prime,0,300,11.1111,9
916,Face Accessory,Bonus,Rare,Non prime,0,300,11.1111,9
917,Eye Accessory,Bonus,Rare,Non prime,0,300,11.1111,9
918,Ring,Bonus,Rare,Non prime,0,300,11.1111,9
919,Earring,Bonus,Rare,Non prime,0,300,11.1111,9
920,Pendant,Bonus,Rare,Non prime,0,300,11.1111,9
921,Face Accessory,Bonus,Rare,Prime,0,300,6.3829,15.6666
922,Eye Accessory,Bonus,Rare,Prime,0,300,6.3829,15.6666
923,Ring,Bonus,Rare,Prime,0,300,6.3829,15.6666
924,Earring,Bonus,Rare,Prime,0,300,6.3829,15.6666
925,Pendant,Bonus,Rare,Prime,0,300,6.3829,15.6666
926,Face Accessory,Bonus,Rare,Prime,0,300,6.3829,15.6666
927,Eye Accessory,Bonus,Rare,Prime,0,300,6.3829,15.6666
928,Ring,Bonus,Rare,Prime,0,300,6.3829,15.6666
929,Earring,Bonus,Rare,Prime,0,300,6.3829,15.6666
930,Pendant,Bonus,Rare,Prime,0,300,6.3829,15.6666
931,Face Accessory,Bonus,Rare,Prime,0,300,6.3829,15.6666
932,Eye Accessory,Bonus,Rare,Prime,0,300,6.3829,15.6666
933,Ring,Bonus,Rare,Prime,0,300,6.3829,15.6666
934,Earring,Bonus,Rare,Prime,0,300,6.3829,15.6666
935,Pendant,Bonus,Rare,Prime,0,300,6.3829,15.6666
936,Face Accessory,Bonus,Rare,Prime,0,300,6.3829,15.6666
937,Eye Accessory,Bonus,Rare,Prime,0,300,6.3829,15.6666
938,Ring,Bonus,Rare,Prime,0,300,6.3829,15.6666
939,Earring,Bonus,Rare,Prime,0,300,6.3829,15.6666
940,Pendant,Bonus,Rare,Prime,0,300,6.3829,15.6666
941,Face Accessory,Bonus,Rare,Prime,0,300,4.2553,23.5
942,Eye Accessory,Bonus,Rare,Prime,0,300,4.2553,23.5
943,Ring,Bonus,Rare,Prime,0,300,4.2553,23.5
944,Earring,Bonus,Rare,Prime,0,300,4.2553,23.5
945,Pendant,Bonus,Rare,Prime,0,300,4.2553,23.5
946,Face Accessory,Bonus,Rare,Prime,0,300,4.2553,23.5
947,Eye Accessory,Bonus,Rare,Prime,0,300,4.2553,23.5
948,Ring,Bonus,Rare,Prime,0,300,4.2553,23.5
949,Earring,Bonus,Rare,Prime,0,300,4.2553,23.5
950,Pendant,Bonus,Rare,Prime,0,300,4.2553,23.5
951,Face Accessory,Bonus,Rare,Prime,0,300,6.3829,15.6666
952,Eye Accessory,Bonus,Rare,Prime,0,300,6.3829,15.6666
953,Ring,Bonus,Rare,Prime,0,300,6.3829,15.6666
954,Earring,Bonus,Rare,Prime,0,300,6.3829,15.6666
955,Pendant,Bonus,Rare,Prime,0,300,6.3829,15.6666
956,Face Accessory,Bonus,Rare,Prime,0,300,6.3829,15.6666
957,Eye Accessory,Bonus,Rare,Prime,0,300,6.3829,15.6666
958,Ring,Bonus,Rare,Prime,0,300,6.3829,15.6666
959,Earring,Bonus,Rare,Prime,0,300,6.3829,15.6666
960,Pendant,Bonus,Rare,Prime,0,300,6.3829,15.6666
961,Face Accessory,Bonus,Rare,Prime,0,300,6.3829,15.6666
962,Eye Accessory,Bonus,Rare,Prime,0,300,6.3829,15.6666
963,Ring,Bonus,Rare,Prime,0,300,6.3829,15.6666
964,Earring,Bonus,Rare,Prime,0,300,6.3829,15.6666
965,Pendant,Bonus,Rare,Prime,0,300,6.3829,15.6666
966,Face Accessory,Bonus,Rare,Prime,0,300,6.3829,15.6666
967,Eye Accessory,Bonus,Rare,Prime,0,300,6.3829,15.6666
968,Ring,Bonus,Rare,Prime,0,300,6.3829,15.6666
969,Earring,Bonus,Rare,Prime,0,300,6.3829,15.6666
970,Pendant,Bonus,Rare,Prime,0,300,6.3829,15.6666
971,Face Accessory,Bonus,Rare,Prime,0,300,6.3829,15.6666
972,Eye Accessory,Bonus,Rare,Prime,0,300,6.3829,15.6666
973,Ring,Bonus,Rare,Prime,0,300,6.3829,15.6666
974,Earring,Bonus,Rare,Prime,0,300,6.3829,15.6666
975,Pendant,Bonus,Rare,Prime,0,300,6.3829,15.6666
976,Face Accessory,Bonus,Rare,Prime,0,300,4.2553,23.5
977,Eye Accessory,Bonus,Rare,Prime,0,300,4.2553,23.5
978,Ring,Bonus,Rare,Prime,0,300,4.2553,23.5
979,Earring,Bonus,Rare,Prime,0,300,4.2553,23.5
980,Pendant,Bonus,Rare,Prime,0,300,4.2553,23.5
981,Face Accessory,Bonus,Rare,Prime,0,300,4.2553,23.5
982,Eye Accessory,Bonus,Rare,Prime,0,300,4.2553,23.5
983,Ring,Bonus,Rare,Prime,0,300,4.2553,23.5
984,Earring,Bonus,Rare,Prime,0,300,4.2553,23.5
985,Pendant,Bonus,Rare,Prime,0,300,4.2553,23.5
986,Face Accessory,Bonus,Rare,Prime,0,300,4.2553,23.5
987,Eye Accessory,Bonus,Rare,Prime,0,300,4.2553,23.5
988,Ring,Bonus,Rare,Prime,0,300,4.2553,23.5
989,Earring,Bonus,Rare,Prime,0,300,4.2553,23.5
990,Pendant,Bonus,Rare,Prime,0,300,4.2553,23.5
991,Face Accessory,Bonus,Rare,Prime,0,300,4.2553,23.5
992,Eye Accessory,Bonus,Rare,Prime,0,300,4.2553,23.5
993,Ring,Bonus,Rare,Prime,0,300,4.2553,23.5
994,Earring,Bonus,Rare,Prime,0,300,4.2553,23.5
995,Pendant,Bonus,Rare,Prime,0,300,4.2553,23.5
996,Face Accessory,Bonus,Rare,Prime,0,300,4.2553,23.5
997,Eye Accessory,Bonus,Rare,Prime,0,300,4.2553,23.5
998,Ring,Bonus,Rare,Prime,0,300,4.2553,23.5
999,Earring,Bonus,Rare,Prime,0,300,4.2553,23.5
1000,Pendant,Bonus,Rare,Prime,0,300,4.2553,23.5
1001,Face Accessory,Bonus,Rare,Prime,0,300,4.2553,23.5
1002,Eye Accessory,Bonus,Rare,Prime,0,300,4.2553,23.5
1003,Ring,Bonus,Rare,Prime,0,300,4.2553,23.5
1004,Earring,Bonus,Rare,Prime,0,300,4.2553,23.5
1005,Pendant,Bonus,Rare,Prime,0,300,4.2553,23.5
1006,Face Accessory,Bonus,Rare,Prime,0,300,4.2553,23.5
1007,Eye Accessory,Bonus,Rare,Prime,0,300,4.2553,23.5
1008,Ring,Bonus,Rare,Prime,0,300,4.2553,23.5
1009,Earring,Bonus,Rare,Prime,0,300,4.2553,23.5
1010,Pendant,Bonus,Rare,Prime,0,300,4.2553,23.5
1011,Face Accessory,Bonus,Rare,Prime,0,300,4.2553,23.5
1012,Eye Accessory,Bonus,Rare,Prime,0,300,4.2553,23.5
1013,Ring,Bonus,Rare,Prime,0,300,4.2553,23.5
1014,Earring,Bonus,Rare,Prime,0,300,4.2553,23.5
1015,Pendant,Bonus,Rare,Prime,0,300,4.2553,23.5
1016,Face Accessory,Bonus,Epic,Prime,0,300,6,16.6666
1017,Eye Accessory,Bonus,Epic,Prime,0,300,6,16.6666
1018,Ring,Bonus,Epic,Prime,0,300,6,16.6666
1019,Earring,Bonus,Epic,Prime,0,300,6,16.6666
1020,Pendant,Bonus,Epic,Prime,0,300,6,16.6666
1021,Face Accessory,Bonus,Epic,Prime,0,300,6,16.6666
1022,Eye Accessory,Bonus,Epic,Prime,0,300,6,16.6666
1023,Ring,Bonus,Epic,Prime,0,300,6,16.6666
1024,Earring,Bonus,Epic,Prime,0,300,6,16.6666
1025,Pendant,Bonus,Epic,Prime,0,300,6,16.6666
1026,Face Accessory,Bonus,Epic,Prime,0,300,6,16.6666
1027,Eye Accessory,Bonus,Epic,Prime,0,300,6,16.6666
1028,Ring,Bonus,Epic,Prime,0,300,6,16.6666
1029,Earring,Bonus,Epic,Prime,0,300,6,16.6666
1030,Pendant,Bonus,Epic,Prime,0,300,6,16.6666
1031,Face Accessory,Bonus,Epic,Prime,0,300,6,16.6666
1032,Eye Accessory,Bonus,Epic,Prime,0,300,6,16.6666
1033,Ring,Bonus,Epic,Prime,0,300,6,16.6666
1034,Earring,Bonus,Epic,Prime,0,300,6,16.6666
1035,Pendant,Bonus,Epic,Prime,0,300,6,16.6666
1036,Face Accessory,Bonus,Epic,Prime,0,300,4,25
1037,Eye Accessory,Bonus,Epic,Prime,0,300,4,25
1038,Ring,Bonus,Epic,Prime,0,300,4,25
1039,Earring,Bonus,Epic,Prime,0,300,4,25
1040,Pendant,Bonus,Epic,Prime,0,300,4,25
1041,Face Accessory,Bonus,Epic,Prime,0,300,4,25
1042,Eye Accessory,Bonus,Epic,Prime,0,300,4,25
1043,Ring,Bonus,Epic,Prime,0,300,4,25
1044,Earring,Bonus,Epic,Prime,0,300,4,25
1045,Pendant,Bonus,Epic,Prime,0,300,4,25
1046,Face Accessory,Bonus,Epic,Prime,0,300,6,16.6666
1047,Eye Accessory,Bonus,Epic,Prime,0,300,6,16.6666
1048,Ring,Bonus,Epic,Prime,0,300,6,16.6666
1049,Earring,Bonus,Epic,Prime,0,300,6,16.6666
1050,Pendant,Bonus,Epic,Prime,0,300,6,16.6666
1051,Face Accessory,Bonus,Epic,Prime,0,300,6,16.6666
1052,Eye Accessory,Bonus,Epic,Prime,0,300,6,16.6666
1053,Ring,Bonus,Epic,Prime,0,300,6,16.6666
1054,Earring,Bonus,Epic,Prime,0,300,6,16.6666
1055,Pendant,Bonus,Epic,Prime,0,300,6,16.6666
1056,Face Accessory,Bonus,Epic,Prime,0,300,6,16.6666
1057,Eye Accessory,Bonus,Epic,Prime,0,300,6,16.6666
1058,Ring,Bonus,Epic,Prime,0,300,6,16.6666
1059,Earring,Bonus,Epic,Prime,0,300,6,16.6666
1060,Pendant,Bonus,Epic,Prime,0,300,6,16.6666
1061,Face Accessory,Bonus,Epic,Prime,0,300,6,16.6666
1062,Eye Accessory,Bonus,Epic,Prime,0,300,6,16.6666
1063,Ring,Bonus,Epic,Prime,0,300,6,16.6666
1064,Earring,Bonus,Epic,Prime,0,300,6,16.6666
1065,Pendant,Bonus,Epic,Prime,0,300,6,16.6666
1066,Face Accessory,Bonus,Epic,Prime,0,300,6,16.6666
1067,Eye Accessory,Bonus,Epic,Prime,0,300,6,16.6666
1068,Ring,Bonus,Epic,Prime,0,300,6,16.6666
1069,Earring,Bonus,Epic,Prime,0,300,6,16.6666
1070,Pendant,Bonus,Epic,Prime,0,300,6,16.6666
1071,Face Accessory,Bonus,Epic,Prime,0,300,4,25
1072,Eye Accessory,Bonus,Epic,Prime,0,300,4,25
1073,Ring,Bonus,Epic,Prime,0,300,4,25
1074,Earring,Bonus,Epic,Prime,0,300,4,25
1075,Pendant,Bonus,Epic,Prime,0,300,4,25
1076,Face Accessory,Bonus,Epic,Prime,0,300,4,25
1077,Eye Accessory,Bonus,Epic,Prime,0,300,4,25
1078,Ring,Bonus,Epic,Prime,0,300,4,25
1079,Earring,Bonus,Epic,Prime,0,300,4,25
1080,Pendant,Bonus,Epic,Prime,0,300,4,25
1081,Face Accessory,Bonus,Epic,Prime,0,300,4,25
1082,Eye Accessory,Bonus,Epic,Prime,0,300,4,25
1083,Ring,Bonus,Epic,Prime,0,300,4,25
1084,Earring,Bonus,Epic,Prime,0,300,4,25
1085,Pendant,Bonus,Epic,Prime,0,300,4,25
1086,Face Accessory,Bonus,Epic,Prime,0,300,4,25
1087,Eye Accessory,Bonus,Epic,Prime,0,300,4,25
1088,Ring,Bonus,Epic,Prime,0,300,4,25
1089,Earring,Bonus,Epic,Prime,0,300,4,25
1090,Pendant,Bonus,Epic,Prime,0,300,4,25
1091,Face Accessory,Bonus,Epic,Prime,0,300,6,16.6666
1092,Eye Accessory,Bonus,Epic,Prime,0,300,6,16.6666
1093,Ring,Bonus,Epic,Prime,0,300,6,16.6666
1094,Earring,Bonus,Epic,Prime,0,300,6,16.6666
1095,Pendant,Bonus,Epic,Prime,0,300,6,16.6666
1096,Face Accessory,Bonus,Epic,Prime,0,300,6,16.6666
1097,Eye Accessory,Bonus,Epic,Prime,0,300,6,16.6666
1098,Ring,Bonus,Epic,Prime,0,300,6,16.6666
1099,Earring,Bonus,Epic,Prime,0,300,6,16.6666
1100,Pendant,Bonus,Epic,Prime,0,300,6,16.6666
1101,Face Accessory,Bonus,Epic,Prime,0,300,6,16.6666
1102,Eye Accessory,Bonus,Epic,Prime,0,300,6,16.6666
1103,Ring,Bonus,Epic,Prime,0,300,6,16.6666
1104,Earring,Bonus,Epic,Prime,0,300,6,16.6666
1105,Pendant,Bonus,Epic,Prime,0,300,6,16.6666
1106,Face Accessory,Bonus,Epic,Prime,0,300,4,25
1107,Eye Accessory,Bonus,Epic,Prime,0,300,4,25
1108,Ring,Bonus,Epic,Prime,0,300,4,25
1109,Earring,Bonus,Epic,Prime,0,300,4,25
1110,Pendant,Bonus,Epic,Prime,0,300,4,25
1111,Face Accessory,Bonus,Unique,Prime,60,300,5.4545,18.3333
1112,Eye Accessory,Bonus,Unique,Prime,60,300,5.4545,18.3333
1113,Ring,Bonus,Unique,Prime,60,300,5.4545,18.3333
1114,Earring,Bonus,Unique,Prime,60,300,5.4545,18.3333
1115,Pendant,Bonus,Unique,Prime,60,300,5.4545,18.3333
1116,Face Accessory,Bonus,Unique,Prime,60,300,5.4545,18.3333
1117,Eye Accessory,Bonus,Unique,Prime,60,300,5.4545,18.3333
1118,Ring,Bonus,Unique,Prime,60,300,5.4545,18.3333
1119,Earring,Bonus,Unique,Prime,60,300,5.4545,18.3333
1120,Pendant,Bonus,Unique,Prime,60,300,5.4545,18.3333
1121,Face Accessory,Bonus,Unique,Prime,60,300,5.4545,18.3333
1122,Eye Accessory,Bonus,Unique,Prime,60,300,5.4545,18.3333
1123,Ring,Bonus,Unique,Prime,60,300,5.4545,18.3333
1124,Earring,Bonus,Unique,Prime,60,300,5.4545,18.3333
1125,Pendant,Bonus,Unique,Prime,60,300,5.4545,18.3333
1126,Face Accessory,Bonus,Unique,Prime,60,300,5.4545,18.3333
1127,Eye Accessory,Bonus,Unique,Prime,60,300,5.4545,18.3333
1128,Ring,Bonus,Unique,Prime,60,300,5.4545,18.3333
1129,Earring,Bonus,Unique,Prime,60,300,5.4545,18.3333
1130,Pendant,Bonus,Unique,Prime,60,300,5.4545,18.3333
1131,Face Accessory,Bonus,Unique,Prime,60,300,3.6363,27.5
1132,Eye Accessory,Bonus,Unique,Prime,60,300,3.6363,27.5
1133,Ring,Bonus,Unique,Prime,60,300,3.6363,27.5
1134,Earring,Bonus,Unique,Prime,60,300,3.6363,27.5
1135,Pendant,Bonus,Unique,Prime,60,300,3.6363,27.5
1136,Face Accessory,Bonus,Unique,Prime,60,300,3.6363,27.5
1137,Eye Accessory,Bonus,Unique,Prime,60,300,3.6363,27.5
1138,Ring,Bonus,Unique,Prime,60,300,3.6363,27.5
1139,Earring,Bonus,Unique,Prime,60,300,3.6363,27.5
1140,Pendant,Bonus,Unique,Prime,60,300,3.6363,27.5
1141,Face Accessory,Bonus,Unique,Prime,60,300,5.4545,18.3333
1142,Eye Accessory,Bonus,Unique,Prime,60,300,5.4545,18.3333
1143,Ring,Bonus,Unique,Prime,60,300,5.4545,18.3333
1144,Earring,Bonus,Unique,Prime,60,300,5.4545,18.3333
1145,Pendant,Bonus,Unique,Prime,60,300,5.4545,18.3333
1146,Face Accessory,Bonus,Unique,Prime,60,300,5.4545,18.3333
1147,Eye Accessory,Bonus,Unique,Prime,60,300,5.4545,18.3333
1148,Ring,Bonus,Unique,Prime,60,300,5.4545,18.3333
1149,Earring,Bonus,Unique,Prime,60,300,5.4545,18.3333
1150,Pendant,Bonus,Unique,Prime,60,300,5.4545,18.3333
1151,Face Accessory,Bonus,Unique,Prime,60,300,5.4545,18.3333
1152,Eye Accessory,Bonus,Unique,Prime,60,300,5.4545,18.3333
1153,Ring,Bonus,Unique,Prime,60,300,5.4545,18.3333
1154,Earring,Bonus,Unique,Prime,60,300,5.4545,18.3333
1155,Pendant,Bonus,Unique,Prime,60,300,5.4545,18.3333
1156,Face Accessory,Bonus,Unique,Prime,60,300,3.6363,27.5
1157,Eye Accessory,Bonus,Unique,Prime,60,300,3.6363,27.5
1158,Ring,Bonus,Unique,Prime,60,300,3.6363,27.5
1159,Earring,Bonus,Unique,Prime,60,300,3.6363,27.5
1160,Pendant,Bonus,Unique,Prime,60,300,3.6363,27.5
1161,Face Accessory,Bonus,Unique,Prime,60,300,3.6363,27.5
1162,Eye Accessory,Bonus,Unique,Prime,60,300,3.6363,27.5
1163,Ring,Bonus,Unique,Prime,60,300,3.6363,27.5
1164,Earring,Bonus,Unique,Prime,60,300,3.6363,27.5
1165,Pendant,Bonus,Unique,Prime,60,300,3.6363,27.5
1166,Face Accessory,Bonus,Unique,Prime,60,300,3.6363,27.5
1167,Eye Accessory,Bonus,Unique,Prime,60,300,3.6363,27.5
1168,Ring,Bonus,Unique,Prime,60,300,3.6363,27.5
1169,Earring,Bonus,Unique,Prime,60,300,3.6363,27.5
1170,Pendant,Bonus,Unique,Prime,60,300,3.6363,27.5
1171,Face Accessory,Bonus,Unique,Prime,60,300,3.6363,27.5
1172,Eye Accessory,Bonus,Unique,Prime,60,300,3.6363,27.5
1173,Ring,Bonus,Unique,Prime,60,300,3.6363,27.5
1174,Earring,Bonus,Unique,Prime,60,300,3.6363,27.5
1175,Pendant,Bonus,Unique,Prime,60,300,3.6363,27.5
1176,Face Accessory,Bonus,Unique,Prime,60,300,5.4545,18.3333
1177,Eye Accessory,Bonus,Unique,Prime,60,300,5.4545,18.3333
1178,Ring,Bonus,Unique,Prime,60,300,5.4545,18.3333
1179,Earring,Bonus,Unique,Prime,60,300,5.4545,18.3333
1180,Pendant,Bonus,Unique,Prime,60,300,5.4545,18.3333
1181,Face Accessory,Bonus,Unique,Prime,60,300,5.4545,18.3333
1182,Eye Accessory,Bonus,Unique,Prime,60,300,5.4545,18.3333
1183,Ring,Bonus,Unique,Prime,60,300,5.4545,18.3333
1184,Earring,Bonus,Unique,Prime,60,300,5.4545,18.3333
1185,Pendant,Bonus,Unique,Prime,60,300,5.4545,18.3333
1186,Face Accessory,Bonus,Unique,Prime,60,300,5.4545,18.3333
1187,Eye Accessory,Bonus,Unique,Prime,60,300,5.4545,18.3333
1188,Ring,Bonus,Unique,Prime,60,300,5.4545,18.3333
1189,Earring,Bonus,Unique,Prime,60,300,5.4545,18.3333
1190,Pendant,Bonus,Unique,Prime,60,300,5.4545,18.3333
1191,Face Accessory,Bonus,Unique,Prime,60,300,3.6363,27.5
1192,Eye Accessory,Bonus,Unique,Prime,60,300,3.6363,27.5
1193,Ring,Bonus,Unique,Prime,60,300,3.6363,27.5
1194,Earring,Bonus,Unique,Prime,60,300,3.6363,27.5
1195,Pendant,Bonus,Unique,Prime,60,300,3.6363,27.5
1196,Face Accessory,Bonus,Unique,Prime,60,300,5.4545,18.3333
1197,Eye Accessory,Bonus,Unique,Prime,60,300,5.4545,18.3333
1198,Ring,Bonus,Unique,Prime,60,300,5.4545,18.3333
1199,Earring,Bonus,Unique,Prime,60,300,5.4545,18.3333
1200,Pendant,Bonus,Unique,Prime,60,300,5.4545,18.3333
1201,Face Accessory,Bonus,Unique,Prime,60,300,3.6363,27.5
1202,Eye Accessory,Bonus,Unique,Prime,60,300,3.6363,27.5
1203,Ring,Bonus,Unique,Prime,60,300,3.6363,27.5
1204,Earring,Bonus,Unique,Prime,60,300,3.6363,27.5
1205,Pendant,Bonus,Unique,Prime,60,300,3.6363,27.5
1206,Face Accessory,Bonus,Unique,Prime,60,300,3.6363,27.5
1207,Eye Accessory,Bonus,Unique,Prime,60,300,3.6363,27.5
1208,Ring,Bonus,Unique,Prime,60,300,3.6363,27.5
1209,Earring,Bonus,Unique,Prime,60,300,3.6363,27.5
1210,Pendant,Bonus,Unique,Prime,60,300,3.6363,27.5
1211,Face Accessory,Bonus,Unique,Prime,60,300,3.6363,27.5
1212,Eye Accessory,Bonus,Unique,Prime,60,300,3.6363,27.5
1213,Ring,Bonus,Unique,Prime,60,300,3.6363,27.5
1214,Earring,Bonus,Unique,Prime,60,300,3.6363,27.5
1215,Pendant,Bonus,Unique,Prime,60,300,3.6363,27.5
1216,Face Accessory,Bonus,Unique,Prime,60,300,3.6363,27.5
1217,Eye Accessory,Bonus,Unique,Prime,60,300,3.6363,27.5
1218,Ring,Bonus,Unique,Prime,60,300,3.6363,27.5
1219,Earring,Bonus,Unique,Prime,60,300,3.6363,27.5
1220,Pendant,Bonus,Unique,Prime,60,300,3.6363,27.5
1221,Face Accessory,Bonus,Legendary,Prime,70,300,4.6875,21.3333
1222,Eye Accessory,Bonus,Legendary,Prime,70,300,4.6875,21.3333
1223,Ring,Bonus,Legendary,Prime,70,300,4.6875,21.3333
1224,Earring,Bonus,Legendary,Prime,70,300,4.6875,21.3333
1225,Pendant,Bonus,Legendary,Prime,70,300,4.6875,21.3333
1226,Face Accessory,Bonus,Legendary,Prime,70,300,4.6875,21.3333
1227,Eye Accessory,Bonus,Legendary,Prime,70,300,4.6875,21.3333
1228,Ring,Bonus,Legendary,Prime,70,300,4.6875,21.3333
1229,Earring,Bonus,Legendary,Prime,70,300,4.6875,21.3333
1230,Pendant,Bonus,Legendary,Prime,70,300,4.6875,21.3333
1231,Face Accessory,Bonus,Legendary,Prime,70,300,4.6875,21.3333
1232,Eye Accessory,Bonus,Legendary,Prime,70,300,4.6875,21.3333
1233,Ring,Bonus,Legendary,Prime,70,300,4.6875,21.3333
1234,Earring,Bonus,Legendary,Prime,70,300,4.6875,21.3333
1235,Pendant,Bonus,Legendary,Prime,70,300,4.6875,21.3333
1236,Face Accessory,Bonus,Legendary,Prime,70,300,4.6875,21.3333
1237,Eye Accessory,Bonus,Legendary,Prime,70,300,4.6875,21.3333
1238,Ring,Bonus,Legendary,Prime,70,300,4.6875,21.3333
1239,Earring,Bonus,Legendary,Prime,70,300,4.6875,21.3333
1240,Pendant,Bonus,Legendary,Prime,70,300,4.6875,21.3333
1241,Face Accessory,Bonus,Legendary,Prime,70,300,3.125,32
1242,Eye Accessory,Bonus,Legendary,Prime,70,300,3.125,32
1243,Ring,Bonus,Legendary,Prime,70,300,3.125,32
1244,Earring,Bonus,Legendary,Prime,70,300,3.125,32
1245,Pendant,Bonus,Legendary,Prime,70,300,3.125,32
1246,Face Accessory,Bonus,Legendary,Prime,70,300,3.125,32
1247,Eye Accessory,Bonus,Legendary,Prime,70,300,3.125,32
1248,Ring,Bonus,Legendary,Prime,70,300,3.125,32
1249,Earring,Bonus,Legendary,Prime,70,300,3.125,32
1250,Pendant,Bonus,Legendary,Prime,70,300,3.125,32
1251,Face Accessory,Bonus,Legendary,Prime,70,300,4.6875,21.3333
1252,Eye Accessory,Bonus,Legendary,Prime,70,300,4.6875,21.3333
1253,Ring,Bonus,Legendary,Prime,70,300,4.6875,21.3333
1254,Earring,Bonus,Legendary,Prime,70,300,4.6875,21.3333
1255,Pendant,Bonus,Legendary,Prime,70,300,4.6875,21.3333
1256,Face Accessory,Bonus,Legendary,Prime,70,300,4.6875,21.3333
1257,Eye Accessory,Bonus,Legendary,Prime,70,300,4.6875,21.3333
1258,Ring,Bonus,Legendary,Prime,70,300,4.6875,21.3333
1259,Earring,Bonus,Legendary,Prime,70,300,4.6875,21.3333
1260,Pendant,Bonus,Legendary,Prime,70,300,4.6875,21.3333
1261,Face Accessory,Bonus,Legendary,Prime,70,300,4.6875,21.3333
1262,Eye Accessory,Bonus,Legendary,Prime,70,300,4.6875,21.3333
1263,Ring,Bonus,Legendary,Prime,70,300,4.6875,21.3333
1264,Earring,Bonus,Legendary,Prime,70,300,4.6875,21.3333
1265,Pendant,Bonus,Legendary,Prime,70,300,4.6875,21.3333
1266,Face Accessory,Bonus,Legendary,Prime,70,300,3.125,32
1267,Eye Accessory,Bonus,Legendary,Prime,70,300,3.125,32
1268,Ring,Bonus,Legendary,Prime,70,300,3.125,32
1269,Earring,Bonus,Legendary,Prime,70,300,3.125,32
1270,Pendant,Bonus,Legendary,Prime,70,300,3.125,32
1271,Face Accessory,Bonus,Legendary,Prime,70,300,3.125,32
1272,Eye Accessory,Bonus,Legendary,Prime,70,300,3.125,32
1273,Ring,Bonus,Legendary,Prime,70,300,3.125,32
1274,Earring,Bonus,Legendary,Prime,70,300,3.125,32
1275,Pendant,Bonus,Legendary,Prime,70,300,3.125,32
1276,Face Accessory,Bonus,Legendary,Prime,70,300,3.125,32
1277,Eye Accessory,Bonus,Legendary,Prime,70,300,3.125,32
1278,Ring,Bonus,Legendary,Prime,70,300,3.125,32
1279,Earring,Bonus,Legendary,Prime,70,300,3.125,32
1280,Pendant,Bonus,Legendary,Prime,70,300,3.125,32
1281,Face Accessory,Bonus,Legendary,Prime,70,300,3.125,32
1282,Eye Accessory,Bonus,Legendary,Prime,70,300,3.125,32
1283,Ring,Bonus,Legendary,Prime,70,300,3.125,32
1284,Earring,Bonus,Legendary,Prime,70,300,3.125,32
1285,Pendant,Bonus,Legendary,Prime,70,300,3.125,32
1286,Face Accessory,Bonus,Legendary,Prime,70,300,4.6875,21.3333
1287,Eye Accessory,Bonus,Legendary,Prime,70,300,4.6875,21.3333
1288,Ring,Bonus,Legendary,Prime,70,300,4.6875,21.3333
1289,Earring,Bonus,Legendary,Prime,70,300,4.6875,21.3333
1290,Pendant,Bonus,Legendary,Prime,70,300,4.6875,21.3333
1291,Face Accessory,Bonus,Legendary,Prime,70,300,4.6875,21.3333
1292,Eye Accessory,Bonus,Legendary,Prime,70,300,4.6875,21.3333
1293,Ring,Bonus,Legendary,Prime,70,300,4.6875,21.3333
1294,Earring,Bonus,Legendary,Prime,70,300,4.6875,21.3333
1295,Pendant,Bonus,Legendary,Prime,70,300,4.6875,21.3333
1296,Face Accessory,Bonus,Legendary,Prime,70,300,4.6875,21.3333
1297,Eye Accessory,Bonus,Legendary,Prime,70,300,4.6875,21.3333
1298,Ring,Bonus,Legendary,Prime,70,300,4.6875,21.3333
1299,Earring,Bonus,Legendary,Prime,70,300,4.6875,21.3333
1300,Pendant,Bonus,Legendary,Prime,70,300,4.6875,21.3333
1301,Face Accessory,Bonus,Legendary,Prime,70,300,3.125,32
1302,Eye Accessory,Bonus,Legendary,Prime,70,300,3.125,32
1303,Ring,Bonus,Legendary,Prime,70,300,3.125,32
1304,Earring,Bonus,Legendary,Prime,70,300,3.125,32
1305,Pendant,Bonus,Legendary,Prime,70,300,3.125,32
1306,Face Accessory,Bonus,Legendary,Prime,70,300,4.6875,21.3333
1307,Eye Accessory,Bonus,Legendary,Prime,70,300,4.6875,21.3333
1308,Ring,Bonus,Legendary,Prime,70,300,4.6875,21.3333
1309,Earring,Bonus,Legendary,Prime,70,300,4.6875,21.3333
1310,Pendant,Bonus,Legendary,Prime,70,300,4.6875,21.3333
1311,Face Accessory,Bonus,Legendary,Prime,70,300,3.125,32
1312,Eye Accessory,Bonus,Legendary,Prime,70,300,3.125,32
1313,Ring,Bonus,Legendary,Prime,70,300,3.125,32
1314,Earring,Bonus,Legendary,Prime,70,300,3.125,32
1315,Pendant,Bonus,Legendary,Prime,70,300,3.125,32
1316,Face Accessory,Bonus,Legendary,Prime,70,300,3.125,32
1317,Eye Accessory,Bonus,Legendary,Prime,70,300,3.125,32
1318,Ring,Bonus,Legendary,Prime,70,300,3.125,32
1319,Earring,Bonus,Legendary,Prime,70,300,3.125,32
1320,Pendant,Bonus,Legendary,Prime,70,300,3.125,32
1321,Face Accessory,Bonus,Legendary,Prime,70,300,3.125,32
1322,Eye Accessory,Bonus,Legendary,Prime,70,300,3.125,32
1323,Ring,Bonus,Legendary,Prime,70,300,3.125,32
1324,Earring,Bonus,Legendary,Prime,70,300,3.125,32
1325,Pendant,Bonus,Legendary,Prime,70,300,3.125,32
1326,Face Accessory,Bonus,Legendary,Prime,70,300,3.125,32
1327,Eye Accessory,Bonus,Legendary,Prime,70,300,3.125,32
1328,Ring,Bonus,Legendary,Prime,70,300,3.125,32
1329,Earring,Bonus,Legendary,Prime,70,300,3.125,32
1330,Pendant,Bonus,Legendary,Prime,70,300,3.125,32
1331,Face Accessory,Bonus,Legendary,Prime,70,300,4.6875,21.3333
1332,Eye Accessory,Bonus,Legendary,Prime,70,300,4.6875,21.3333
1333,Ring,Bonus,Legendary,Prime,70,300,4.6875,21.3333
1334,Earring,Bonus,Legendary,Prime,70,300,4.6875,21.3333
1335,Pendant,Bonus,Legendary,Prime,70,300,4.6875,21.3333
1336,Face Accessory,Bonus,Legendary,Prime,70,300,4.6875,21.3333
1337,Eye Accessory,Bonus,Legendary,Prime,70,300,4.6875,21.3333
1338,Ring,Bonus,Legendary,Prime,70,300,4.6875,21.3333
1339,Earring,Bonus,Legendary,Prime,70,300,4.6875,21.3333
1340,Pendant,Bonus,Legendary,Prime,70,300,4.6875,21.3333
1341,Face Accessory,Bonus,Legendary,Prime,70,300,4.6875,21.3333
1342,Eye Accessory,Bonus,Legendary,Prime,70,300,4.6875,21.3333
1343,Ring,Bonus,Legendary,Prime,70,300,4.6875,21.3333
1344,Earring,Bonus,Legendary,Prime,70,300,4.6875,21.3333
1345,Pendant,Bonus,Legendary,Prime,70,300,4.6875,21.3333
1346,Mechanical Heart,Bonus,Rare,Non prime,0,300,7.4074,13.5
1347,Badge,Bonus,Rare,Non prime,0,300,7.4074,13.5
1348,Mechanical Heart,Bonus,Rare,Non prime,0,300,7.4074,13.5
1349,Badge,Bonus,Rare,Non prime,0,300,7.4074,13.5
1350,Mechanical Heart,Bonus,Rare,Non prime,0,300,7.4074,13.5
1351,Badge,Bonus,Rare,Non prime,0,300,7.4074,13.5
1352,Mechanical Heart,Bonus,Rare,Non prime,0,300,7.4074,13.5
1353,Badge,Bonus,Rare,Non prime,0,300,7.4074,13.5
1354,Mechanical Heart,Bonus,Rare,Non prime,0,300,7.4074,13.5
1355,Badge,Bonus,Rare,Non prime,0,300,7.4074,13.5
1356,Mechanical Heart,Bonus,Rare,Non prime,0,300,7.4074,13.5
1357,Badge,Bonus,Rare,Non prime,0,300,7.4074,13.5
1358,Mechanical Heart,Bonus,Rare,Non prime,0,300,11.1111,9
1359,Badge,Bonus,Rare,Non prime,0,300,11.1111,9
1360,Mechanical Heart,Bonus,Rare,Non prime,0,300,11.1111,9
1361,Badge,Bonus,Rare,Non prime,0,300,11.1111,9
1362,Mechanical Heart,Bonus,Rare,Non prime,0,300,11.1111,9
1363,Badge,Bonus,Rare,Non prime,0,300,11.1111,9
1364,Mechanical Heart,Bonus,Rare,Non prime,0,300,11.1111,9
1365,Badge,Bonus,Rare,Non prime,0,300,11.1111,9
1366,Mechanical Heart,Bonus,Rare,Non prime,0,300,11.1111,9
1367,Badge,Bonus,Rare,Non prime,0,300,11.1111,9
1368,Mechanical Heart,Bonus,Rare,Prime,0,300,6.3829,15.6666
1369,Badge,Bonus,Rare,Prime,0,300,6.3829,15.6666
1370,Mechanical Heart,Bonus,Rare,Prime,0,300,6.3829,15.6666
1371,Badge,Bonus,Rare,Prime,0,300,6.3829,15.6666
1372,Mechanical Heart,Bonus,Rare,Prime,0,300,6.3829,15.6666
1373,Badge,Bonus,Rare,Prime,0,300,6.3829,15.6666
1374,Mechanical Heart,Bonus,Rare,Prime,0,300,6.3829,15.6666
1375,Badge,Bonus,Rare,Prime,0,300,6.3829,15.6666
1376,Mechanical Heart,Bonus,Rare,Prime,0,300,4.2553,23.5
1377,Badge,Bonus,Rare,Prime,0,300,4.2553,23.5
1378,Mechanical Heart,Bonus,Rare,Prime,0,300,4.2553,23.5
1379,Badge,Bonus,Rare,Prime,0,300,4.2553,23.5
1380,Mechanical Heart,Bonus,Rare,Prime,0,300,6.3829,15.6666
1381,Badge,Bonus,Rare,Prime,0,300,6.3829,15.6666
1382,Mechanical Heart,Bonus,Rare,Prime,0,300,6.3829,15.6666
1383,Badge,Bonus,Rare,Prime,0,300,6.3829,15.6666
1384,Mechanical Heart,Bonus,Rare,Prime,0,300,6.3829,15.6666
1385,Badge,Bonus,Rare,Prime,0,300,6.3829,15.6666
1386,Mechanical Heart,Bonus,Rare,Prime,0,300,6.3829,15.6666
1387,Badge,Bonus,Rare,Prime,0,300,6.3829,15.6666
1388,Mechanical Heart,Bonus,Rare,Prime,0,300,6.3829,15.6666
1389,Badge,Bonus,Rare,Prime,0,300,6.3829,15.6666
1390,Mechanical Heart,Bonus,Rare,Prime,0,300,4.2553,23.5
1391,Badge,Bonus,Rare,Prime,0,300,4.2553,23.5
1392,Mechanical Heart,Bonus,Rare,Prime,0,300,4.2553,23.5
1393,Badge,Bonus,Rare,Prime,0,300,4.2553,23.5
1394,Mechanical Heart,Bonus,Rare,Prime,0,300,4.2553,23.5
1395,Badge,Bonus,Rare,Prime,0,300,4.2553,23.5
1396,Mechanical Heart,Bonus,Rare,Prime,0,300,4.2553,23.5
1397,Badge,Bonus,Rare,Prime,0,300,4.2553,23.5
1398,Mechanical Heart,Bonus,Rare,Prime,0,300,4.2553,23.5
1399,Badge,Bonus,Rare,Prime,0,300,4.2553,23.5
1400,Mechanical Heart,Bonus,Rare,Prime,0,300,4.2553,23.5
1401,Badge,Bonus,Rare,Prime,0,300,4.2553,23.5
1402,Mechanical Heart,Bonus,Rare,Prime,0,300,4.2553,23.5
1403,Badge,Bonus,Rare,Prime,0,300,4.2553,23.5
1404,Mechanical Heart,Bonus,Rare,Prime,0,300,4.2553,23.5
1405,Badge,Bonus,Rare,Prime,0,300,4.2553,23.5
1406,Mechanical Heart,Bonus,Epic,Prime,0,300,6,16.6666
1407,Badge,Bonus,Epic,Prime,0,300,6,16.6666
1408,Mechanical Heart,Bonus,Epic,Prime,0,300,6,16.6666
1409,Badge,Bonus,Epic,Prime,0,300,6,16.6666
1410,Mechanical Heart,Bonus,Epic,Prime,0,300,6,16.6666
1411,Badge,Bonus,Epic,Prime,0,300,6,16.6666
1412,Mechanical Heart,Bonus,Epic,Prime,0,300,6,16.6666
1413,Badge,Bonus,Epic,Prime,0,300,6,16.6666
1414,Mechanical Heart,Bonus,Epic,Prime,0,300,4,25
1415,Badge,Bonus,Epic,Prime,0,300,4,25
1416,Mechanical Heart,Bonus,Epic,Prime,0,300,4,25
1417,Badge,Bonus,Epic,Prime,0,300,4,25
1418,Mechanical Heart,Bonus,Epic,Prime,0,300,6,16.6666
1419,Badge,Bonus,Epic,Prime,0,300,6,16.6666
1420,Mechanical Heart,Bonus,Epic,Prime,0,300,6,16.6666
1421,Badge,Bonus,Epic,Prime,0,300,6,16.6666
1422,Mechanical Heart,Bonus,Epic,Prime,0,300,6,16.6666
1423,Badge,Bonus,Epic,Prime,0,300,6,16.6666
1424,Mechanical Heart,Bonus,Epic,Prime,0,300,6,16.6666
1425,Badge,Bonus,Epic,Prime,0,300,6,16.6666
1426,Mechanical Heart,Bonus,Epic,Prime,0,300,6,16.6666
1427,Badge,Bonus,Epic,Prime,0,300,6,16.6666
1428,Mechanical Heart,Bonus,Epic,Prime,0,300,4,25
1429,Badge,Bonus,Epic,Prime,0,300,4,25
1430,Mechanical Heart,Bonus,Epic,Prime,0,300,4,25
1431,Badge,Bonus,Epic,Prime,0,300,4,25
1432,Mechanical Heart,Bonus,Epic,Prime,0,300,4,25
1433,Badge,Bonus,Epic,Prime,0,300,4,25
1434,Mechanical Heart,Bonus,Epic,Prime,0,300,4,25
1435,Badge,Bonus,Epic,Prime,0,300,4,25
1436,Mechanical Heart,Bonus,Epic,Prime,0,300,6,16.6666
1437,Badge,Bonus,Epic,Prime,0,300,6,16.6666
1438,Mechanical Heart,Bonus,Epic,Prime,0,300,6,16.6666
1439,Badge,Bonus,Epic,Prime,0,300,6,16.6666
1440,Mechanical Heart,Bonus,Epic,Prime,0,300,6,16.6666
1441,Badge,Bonus,Epic,Prime,0,300,6,16.6666
1442,Mechanical Heart,Bonus,Epic,Prime,0,300,4,25
1443,Badge,Bonus,Epic,Prime,0,300,4,25
1444,Mechanical Heart,Bonus,Unique,Prime,60,300,5.4545,18.3333
1445,Badge,Bonus,Unique,Prime,60,300,5.4545,18.3333
1446,Mechanical Heart,Bonus,Unique,Prime,60,300,5.4545,18.3333
1447,Badge,Bonus,Unique,Prime,60,300,5.4545,18.3333
1448,Mechanical Heart,Bonus,Unique,Prime,60,300,5.4545,18.3333
1449,Badge,Bonus,Unique,Prime,60,300,5.4545,18.3333
1450,Mechanical Heart,Bonus,Unique,Prime,60,300,5.4545,18.3333
1451,Badge,Bonus,Unique,Prime,60,300,5.4545,18.3333
1452,Mechanical Heart,Bonus,Unique,Prime,60,300,3.6363,27.5
1453,Badge,Bonus,Unique,Prime,60,300,3.6363,27.5
1454,Mechanical Heart,Bonus,Unique,Prime,60,300,3.6363,27.5
1455,Badge,Bonus,Unique,Prime,60,300,3.6363,27.5
1456,Mechanical Heart,Bonus,Unique,Prime,60,300,5.4545,18.3333
1457,Badge,Bonus,Unique,Prime,60,300,5.4545,18.3333
1458,Mechanical Heart,Bonus,Unique,Prime,60,300,5.4545,18.3333
1459,Badge,Bonus,Unique,Prime,60,300,5.4545,18.3333
1460,Mechanical Heart,Bonus,Unique,Prime,60,300,5.4545,18.3333
1461,Badge,Bonus,Unique,Prime,60,300,5.4545,18.3333
1462,Mechanical Heart,Bonus,Unique,Prime,60,300,3.6363,27.5
1463,Badge,Bonus,Unique,Prime,60,300,3.6363,27.5
1464,Mechanical Heart,Bonus,Unique,Prime,60,300,3.6363,27.5
1465,Badge,Bonus,Unique,Prime,60,300,3.6363,27.5
1466,Mechanical Heart,Bonus,Unique,Prime,60,300,3.6363,27.5
1467,Badge,Bonus,Unique,Prime,60,300,3.6363,27.5
1468,Mechanical Heart,Bonus,Unique,Prime,60,300,3.6363,27.5
1469,Badge,Bonus,Unique,Prime,60,300,3.6363,27.5
1470,Mechanical Heart,Bonus,Unique,Prime,60,300,5.4545,18.3333
1471,Badge,Bonus,Unique,Prime,60,300,5.4545,18.3333
1472,Mechanical Heart,Bonus,Unique,Prime,60,300,5.4545,18.3333
1473,Badge,Bonus,Unique,Prime,60,300,5.4545,18.3333
1474,Mechanical Heart,Bonus,Unique,Prime,60,300,5.4545,18.3333
1475,Badge,Bonus,Unique,Prime,60,300,5.4545,18.3333
1476,Mechanical Heart,Bonus,Unique,Prime,60,300,3.6363,27.5
1477,Badge,Bonus,Unique,Prime,60,300,3.6363,27.5
1478,Mechanical Heart,Bonus,Unique,Prime,60,300,5.4545,18.3333
1479,Badge,Bonus,Unique,Prime,60,300,5.4545,18.3333
1480,Mechanical Heart,Bonus,Unique,Prime,60,300,3.6363,27.5
1481,Badge,Bonus,Unique,Prime,60,300,3.6363,27.5
1482,Mechanical Heart,Bonus,Unique,Prime,60,300,3.6363,27.5
1483,Badge,Bonus,Unique,Prime,60,300,3.6363,27.5
1484,Mechanical Heart,Bonus,Unique,Prime,60,300,3.6363,27.5
1485,Badge,Bonus,Unique,Prime,60,300,3.6363,27.5
1486,Mechanical Heart,Bonus,Unique,Prime,60,300,3.6363,27.5
1487,Badge,Bonus,Unique,Prime,60,300,3.6363,27.5
1488,Mechanical Heart,Bonus,Legendary,Prime,70,300,4.918,20.3333
1489,Badge,Bonus,Legendary,Prime,70,300,4.918,20.3333
1490,Mechanical Heart,Bonus,Legendary,Prime,70,300,4.918,20.3333
1491,Badge,Bonus,Legendary,Prime,70,300,4.918,20.3333
1492,Mechanical Heart,Bonus,Legendary,Prime,70,300,4.918,20.3333
1493,Badge,Bonus,Legendary,Prime,70,300,4.918,20.3333
1494,Mechanical Heart,Bonus,Legendary,Prime,70,300,4.918,20.3333
1495,Badge,Bonus,Legendary,Prime,70,300,4.918,20.3333
1496,Mechanical Heart,Bonus,Legendary,Prime,70,300,3.2786,30.5
1497,Badge,Bonus,Legendary,Prime,70,300,3.2786,30.5
1498,Mechanical Heart,Bonus,Legendary,Prime,70,300,3.2786,30.5
1499,Badge,Bonus,Legendary,Prime,70,300,3.2786,30.5
1500,Mechanical Heart,Bonus,Legendary,Prime,70,300,4.918,20.3333
1501,Badge,Bonus,Legendary,Prime,70,300,4.918,20.3333
1502,Mechanical Heart,Bonus,Legendary,Prime,70,300,4.918,20.3333
1503,Badge,Bonus,Legendary,Prime,70,300,4.918,20.3333
1504,Mechanical Heart,Bonus,Legendary,Prime,70,300,4.918,20.3333
1505,Badge,Bonus,Legendary,Prime,70,300,4.918,20.3333
1506,Mechanical Heart,Bonus,Legendary,Prime,70,300,3.2786,30.5
1507,Badge,Bonus,Legendary,Prime,70,300,3.2786,30.5
1508,Mechanical Heart,Bonus,Legendary,Prime,70,300,3.2786,30.5
1509,Badge,Bonus,Legendary,Prime,70,300,3.2786,30.5
1510,Mechanical Heart,Bonus,Legendary,Prime,70,300,3.2786,30.5
1511,Badge,Bonus,Legendary,Prime,70,300,3.2786,30.5
1512,Mechanical Heart,Bonus,Legendary,Prime,70,300,3.2786,30.5
1513,Badge,Bonus,Legendary,Prime,70,300,3.2786,30.5
1514,Mechanical Heart,Bonus,Legendary,Prime,70,300,4.918,20.3333
1515,Badge,Bonus,Legendary,Prime,70,300,4.918,20.3333
1516,Mechanical Heart,Bonus,Legendary,Prime,70,300,4.918,20.3333
1517,Badge,Bonus,Legendary,Prime,70,300,4.918,20.3333
1518,Mechanical Heart,Bonus,Legendary,Prime,70,300,4.918,20.3333
1519,Badge,Bonus,Legendary,Prime,70,300,4.918,20.3333
1520,Mechanical Heart,Bonus,Legendary,Prime,70,300,3.2786,30.5
1521,Badge,Bonus,Legendary,Prime,70,300,3.2786,30.5
1522,Mechanical Heart,Bonus,Legendary,Prime,70,300,3.2786,30.5
1523,Badge,Bonus,Legendary,Prime,70,300,3.2786,30.5
1524,Mechanical Heart,Bonus,Legendary,Prime,70,300,3.2786,30.5
1525,Badge,Bonus,Legendary,Prime,70,300,3.2786,30.5
1526,Mechanical Heart,Bonus,Legendary,Prime,70,300,3.2786,30.5
1527,Badge,Bonus,Legendary,Prime,70,300,3.2786,30.5
1528,Mechanical Heart,Bonus,Legendary,Prime,70,300,3.2786,30.5
1529,Badge,Bonus,Legendary,Prime,70,300,3.2786,30.5
1530,Mechanical Heart,Bonus,Legendary,Prime,70,300,4.918,20.3333
1531,Badge,Bonus,Legendary,Prime,70,300,4.918,20.3333
1532,Mechanical Heart,Bonus,Legendary,Prime,70,300,4.918,20.3333
1533,Badge,Bonus,Legendary,Prime,70,300,4.918,20.3333
1534,Mechanical Heart,Bonus,Legendary,Prime,70,300,4.918,20.3333
1535,Badge,Bonus,Legendary,Prime,70,300,4.918,20.3333
1536,Weapon,Bonus,Rare,Non prime,0,300,7.4074,13.5
1537,Weapon,Bonus,Rare,Non prime,0,300,7.4074,13.5
1538,Weapon,Bonus,Rare,Non prime,0,300,7.4074,13.5
1539,Weapon,Bonus,Rare,Non prime,0,300,7.4074,13.5
1540,Weapon,Bonus,Rare,Non prime,0,300,7.4074,13.5
1541,Weapon,Bonus,Rare,Non prime,0,300,7.4074,13.5
1542,Weapon,Bonus,Rare,Non prime,0,300,11.1111,9
1543,Weapon,Bonus,Rare,Non prime,0,300,11.1111,9
1544,Weapon,Bonus,Rare,Non prime,0,300,11.1111,9
1545,Weapon,Bonus,Rare,Non prime,0,300,11.1111,9
1546,Weapon,Bonus,Rare,Non prime,0,300,11.1111,9
1547,Weapon,Bonus,Rare,Prime,0,300,5.8823,17
1548,Weapon,Bonus,Rare,Prime,0,300,5.8823,17
1549,Weapon,Bonus,Rare,Prime,0,300,5.8823,17
1550,Weapon,Bonus,Rare,Prime,0,300,5.8823,17
1551,Weapon,Bonus,Rare,Prime,0,300,3.9215,25.5
1552,Weapon,Bonus,Rare,Prime,0,300,3.9215,25.5
1553,Weapon,Bonus,Rare,Prime,0,300,5.8823,17
1554,Weapon,Bonus,Rare,Prime,0,300,5.8823,17
1555,Weapon,Bonus,Rare,Prime,0,300,5.8823,17
1556,Weapon,Bonus,Rare,Prime,0,300,5.8823,17
1557,Weapon,Bonus,Rare,Prime,0,300,5.8823,17
1558,Weapon,Bonus,Rare,Prime,0,300,3.9215,25.5
1559,Weapon,Bonus,Rare,Prime,0,300,3.9215,25.5
1560,Weapon,Bonus,Rare,Prime,0,300,3.9215,25.5
1561,Weapon,Bonus,Rare,Prime,0,300,3.9215,25.5
1562,Weapon,Bonus,Rare,Prime,0,300,1.9607,51
1563,Weapon,Bonus,Rare,Prime,0,300,1.9607,51
1564,Weapon,Bonus,Rare,Prime,0,300,1.9607,51
1565,Weapon,Bonus,Rare,Prime,0,300,3.9215,25.5
1566,Weapon,Bonus,Rare,Prime,0,300,3.9215,25.5
1567,Weapon,Bonus,Rare,Prime,0,300,3.9215,25.5
1568,Weapon,Bonus,Rare,Prime,0,300,5.8823,17
1569,Weapon,Bonus,Epic,Prime,50,300,8.8235,11.3333
1570,Weapon,Bonus,Epic,Prime,50,300,8.8235,11.3333
1571,Weapon,Bonus,Epic,Prime,50,300,8.8235,11.3333
1572,Weapon,Bonus,Epic,Prime,50,300,8.8235,11.3333
1573,Weapon,Bonus,Epic,Prime,50,300,5.8823,17
1574,Weapon,Bonus,Epic,Prime,50,300,5.8823,17
1575,Weapon,Bonus,Epic,Prime,50,300,2.9411,34
1576,Weapon,Bonus,Epic,Prime,50,300,2.9411,34
1577,Weapon,Bonus,Epic,Prime,50,300,8.8235,11.3333
1578,Weapon,Bonus,Epic,Prime,50,300,8.8235,11.3333
1579,Weapon,Bonus,Epic,Prime,50,300,5.8823,17
1580,Weapon,Bonus,Epic,Prime,50,300,8.8235,11.3333
1581,Weapon,Bonus,Epic,Prime,50,300,8.8235,11.3333
1582,Weapon,Bonus,Epic,Prime,50,300,5.8823,17
1583,Weapon,Bonus,Unique,Prime,50,300,6.9767,14.3333
1584,Weapon,Bonus,Unique,Prime,50,300,6.9767,14.3333
1585,Weapon,Bonus,Unique,Prime,50,300,6.9767,14.3333
1586,Weapon,Bonus,Unique,Prime,50,300,6.9767,14.3333
1587,Weapon,Bonus,Unique,Prime,50,300,4.6511,21.5
1588,Weapon,Bonus,Unique,Prime,50,300,4.6511,21.5
1589,Weapon,Bonus,Unique,Prime,50,300,2.3255,43
1590,Weapon,Bonus,Unique,Prime,50,300,4.6511,21.5
1591,Weapon,Bonus,Unique,Prime,50,300,6.9767,14.3333
1592,Weapon,Bonus,Unique,Prime,50,300,6.9767,14.3333
1593,Weapon,Bonus,Unique,Prime,50,300,4.6511,21.5
1594,Weapon,Bonus,Unique,Prime,50,300,2.3255,43
1595,Weapon,Bonus,Unique,Prime,50,300,2.3255,43
1596,Weapon,Bonus,Unique,Prime,50,300,6.9767,14.3333
1597,Weapon,Bonus,Unique,Prime,50,300,6.9767,14.3333
1598,Weapon,Bonus,Unique,Prime,50,300,4.6511,21.5
1599,Weapon,Bonus,Unique,Prime,50,300,4.6511,21.5
1600,Weapon,Bonus,Unique,Prime,50,300,4.6511,21.5
1601,Weapon,Bonus,Unique,Prime,50,300,4.6511,21.5
1602,Weapon,Bonus,Legendary,Prime,70,300,7.6923,13
1603,Weapon,Bonus,Legendary,Prime,70,300,7.6923,13
1604,Weapon,Bonus,Legendary,Prime,70,300,7.6923,13
1605,Weapon,Bonus,Legendary,Prime,70,300,7.6923,13
1606,Weapon,Bonus,Legendary,Prime,70,300,5.1282,19.5
1607,Weapon,Bonus,Legendary,Prime,70,300,5.1282,19.5
1608,Weapon,Bonus,Legendary,Prime,70,300,2.5641,39
1609,Weapon,Bonus,Legendary,Prime,70,300,5.1282,19.5
1610,Weapon,Bonus,Legendary,Prime,70,300,7.6923,13
1611,Weapon,Bonus,Legendary,Prime,70,300,7.6923,13
1612,Weapon,Bonus,Legendary,Prime,70,300,5.1282,19.5
1613,Weapon,Bonus,Legendary,Prime,70,300,2.5641,39
1614,Weapon,Bonus,Legendary,Prime,70,300,2.5641,39
1615,Weapon,Bonus,Legendary,Prime,70,300,5.1282,19.5
1616,Weapon,Bonus,Legendary,Prime,70,300,5.1282,19.5
1617,Weapon,Bonus,Legendary,Prime,70,300,5.1282,19.5
1618,Weapon,Bonus,Legendary,Prime,70,300,5.1282,19.5
1619,Weapon,Bonus,Legendary,Prime,70,300,2.5641,39
1620,Weapon,Bonus,Legendary,Prime,70,300,2.5641,39
1621,Emblem,Bonus,Rare,Non prime,0,300,7.4074,13.5
1622,Emblem,Bonus,Rare,Non prime,0,300,7.4074,13.5
1623,Emblem,Bonus,Rare,Non prime,0,300,7.4074,13.5
1624,Emblem,Bonus,Rare,Non prime,0,300,7.4074,13.5
1625,Emblem,Bonus,Rare,Non prime,0,300,7.4074,13.5
1626,Emblem,Bonus,Rare,Non prime,0,300,7.4074,13.5
1627,Emblem,Bonus,Rare,Non prime,0,300,11.1111,9
1628,Emblem,Bonus,Rare,Non prime,0,300,11.1111,9
1629,Emblem,Bonus,Rare,Non prime,0,300,11.1111,9
1630,Emblem,Bonus,Rare,Non prime,0,300,11.1111,9
1631,Emblem,Bonus,Rare,Non prime,0,300,11.1111,9
1632,Emblem,Bonus,Rare,Prime,0,300,5.8823,17
1633,Emblem,Bonus,Rare,Prime,0,300,5.8823,17
1634,Emblem,Bonus,Rare,Prime,0,300,5.8823,17
1635,Emblem,Bonus,Rare,Prime,0,300,5.8823,17
1636,Emblem,Bonus,Rare,Prime,0,300,3.9215,25.5
1637,Emblem,Bonus,Rare,Prime,0,300,3.9215,25.5
1638,Emblem,Bonus,Rare,Prime,0,300,5.8823,17
1639,Emblem,Bonus,Rare,Prime,0,300,5.8823,17
1640,Emblem,Bonus,Rare,Prime,0,300,5.8823,17
1641,Emblem,Bonus,Rare,Prime,0,300,5.8823,17
1642,Emblem,Bonus,Rare,Prime,0,300,5.8823,17
1643,Emblem,Bonus,Rare,Prime,0,300,3.9215,25.5
1644,Emblem,Bonus,Rare,Prime,0,300,3.9215,25.5
1645,Emblem,Bonus,Rare,Prime,0,300,3.9215,25.5
1646,Emblem,Bonus,Rare,Prime,0,300,3.9215,25.5
1647,Emblem,Bonus,Rare,Prime,0,300,1.9607,51
1648,Emblem,Bonus,Rare,Prime,0,300,1.9607,51
1649,Emblem,Bonus,Rare,Prime,0,300,1.9607,51
1650,Emblem,Bonus,Rare,Prime,0,300,3.9215,25.5
1651,Emblem,Bonus,Rare,Prime,0,300,3.9215,25.5
1652,Emblem,Bonus,Rare,Prime,0,300,3.9215,25.5
1653,Emblem,Bonus,Rare,Prime,0,300,5.8823,17
1654,Emblem,Bonus,Epic,Prime,50,300,8.8235,11.3333
1655,Emblem,Bonus,Epic,Prime,50,300,8.8235,11.3333
1656,Emblem,Bonus,Epic,Prime,50,300,8.8235,11.3333
1657,Emblem,Bonus,Epic,Prime,50,300,8.8235,11.3333
1658,Emblem,Bonus,Epic,Prime,50,300,5.8823,17
1659,Emblem,Bonus,Epic,Prime,50,300,5.8823,17
1660,Emblem,Bonus,Epic,Prime,50,300,2.9411,34
1661,Emblem,Bonus,Epic,Prime,50,300,2.9411,34
1662,Emblem,Bonus,Epic,Prime,50,300,8.8235,11.3333
1663,Emblem,Bonus,Epic,Prime,50,300,8.8235,11.3333
1664,Emblem,Bonus,Epic,Prime,50,300,5.8823,17
1665,Emblem,Bonus,Epic,Prime,50,300,8.8235,11.3333
1666,Emblem,Bonus,Epic,Prime,50,300,8.8235,11.3333
1667,Emblem,Bonus,Epic,Prime,50,300,5.8823,17
1668,Emblem,Bonus,Unique,Prime,50,300,7.1428,14
1669,Emblem,Bonus,Unique,Prime,50,300,7.1428,14
1670,Emblem,Bonus,Unique,Prime,50,300,7.1428,14
1671,Emblem,Bonus,Unique,Prime,50,300,7.1428,14
1672,Emblem,Bonus,Unique,Prime,50,300,4.7619,21
1673,Emblem,Bonus,Unique,Prime,50,300,4.7619,21
1674,Emblem,Bonus,Unique,Prime,50,300,2.3809,42
1675,Emblem,Bonus,Unique,Prime,50,300,4.7619,21
1676,Emblem,Bonus,Unique,Prime,50,300,7.1428,14
1677,Emblem,Bonus,Unique,Prime,50,300,7.1428,14
1678,Emblem,Bonus,Unique,Prime,50,300,4.7619,21
1679,Emblem,Bonus,Unique,Prime,50,300,4.7619,21
1680,Emblem,Bonus,Unique,Prime,50,300,7.1428,14
1681,Emblem,Bonus,Unique,Prime,50,300,7.1428,14
1682,Emblem,Bonus,Unique,Prime,50,300,4.7619,21
1683,Emblem,Bonus,Unique,Prime,50,300,4.7619,21
1684,Emblem,Bonus,Unique,Prime,50,300,4.7619,21
1685,Emblem,Bonus,Unique,Prime,50,300,4.7619,21
1686,Emblem,Bonus,Legendary,Prime,70,300,7.8947,12.6666
1687,Emblem,Bonus,Legendary,Prime,70,300,7.8947,12.6666
1688,Emblem,Bonus,Legendary,Prime,70,300,7.8947,12.6666
1689,Emblem,Bonus,Legendary,Prime,70,300,7.8947,12.6666
1690,Emblem,Bonus,Legendary,Prime,70,300,5.2631,19
1691,Emblem,Bonus,Legendary,Prime,70,300,5.2631,19
1692,Emblem,Bonus,Legendary,Prime,70,300,2.6315,38
1693,Emblem,Bonus,Legendary,Prime,70,300,5.2631,19
1694,Emblem,Bonus,Legendary,Prime,70,300,7.8947,12.6666
1695,Emblem,Bonus,Legendary,Prime,70,300,7.8947,12.6666
1696,Emblem,Bonus,Legendary,Prime,70,300,5.2631,19
1697,Emblem,Bonus,Legendary,Prime,70,300,2.6315,38
1698,Emblem,Bonus,Legendary,Prime,70,300,5.2631,19
1699,Emblem,Bonus,Legendary,Prime,70,300,5.2631,19
1700,Emblem,Bonus,Legendary,Prime,70,300,5.2631,19
1701,Emblem,Bonus,Legendary,Prime,70,300,5.2631,19
1702,Emblem,Bonus,Legendary,Prime,70,300,2.6315,38
1703,Emblem,Bonus,Legendary,Prime,70,300,2.6315,38
1704,Secondary Weapon,Bonus,Rare,Non prime,0,300,7.4074,13.5
1705,Secondary Weapon,Bonus,Rare,Non prime,0,300,7.4074,13.5
1706,Secondary Weapon,Bonus,Rare,Non prime,0,300,7.4074,13.5
1707,Secondary Weapon,Bonus,Rare,Non prime,0,300,7.4074,13.5
1708,Secondary Weapon,Bonus,Rare,Non prime,0,300,7.4074,13.5
1709,Secondary Weapon,Bonus,Rare,Non prime,0,300,7.4074,13.5
1710,Secondary Weapon,Bonus,Rare,Non prime,0,300,11.1111,9
1711,Secondary Weapon,Bonus,Rare,Non prime,0,300,11.1111,9
1712,Secondary Weapon,Bonus,Rare,Non prime,0,300,11.1111,9
1713,Secondary Weapon,Bonus,Rare,Non prime,0,300,11.1111,9
1714,Secondary Weapon,Bonus,Rare,Non prime,0,300,11.1111,9
1715,Secondary Weapon,Bonus,Rare,Prime,0,300,5.8823,17
1716,Secondary Weapon,Bonus,Rare,Prime,0,300,5.8823,17
1717,Secondary Weapon,Bonus,Rare,Prime,0,300,5.8823,17
1718,Secondary Weapon,Bonus,Rare,Prime,0,300,5.8823,17
1719,Secondary Weapon,Bonus,Rare,Prime,0,300,3.9215,25.5
1720,Secondary Weapon,Bonus,Rare,Prime,0,300,3.9215,25.5
1721,Secondary Weapon,Bonus,Rare,Prime,0,300,5.8823,17
1722,Secondary Weapon,Bonus,Rare,Prime,0,300,5.8823,17
1723,Secondary Weapon,Bonus,Rare,Prime,0,300,5.8823,17
1724,Secondary Weapon,Bonus,Rare,Prime,0,300,5.8823,17
1725,Secondary Weapon,Bonus,Rare,Prime,0,300,5.8823,17
1726,Secondary Weapon,Bonus,Rare,Prime,0,300,3.9215,25.5
1727,Secondary Weapon,Bonus,Rare,Prime,0,300,3.9215,25.5
1728,Secondary Weapon,Bonus,Rare,Prime,0,300,3.9215,25.5
1729,Secondary Weapon,Bonus,Rare,Prime,0,300,3.9215,25.5
1730,Secondary Weapon,Bonus,Rare,Prime,0,300,1.9607,51
1731,Secondary Weapon,Bonus,Rare,Prime,0,300,1.9607,51
1732,Secondary Weapon,Bonus,Rare,Prime,0,300,1.9607,51
1733,Secondary Weapon,Bonus,Rare,Prime,0,300,3.9215,25.5
1734,Secondary Weapon,Bonus,Rare,Prime,0,300,3.9215,25.5
1735,Secondary Weapon,Bonus,Rare,Prime,0,300,3.9215,25.5
1736,Secondary Weapon,Bonus,Rare,Prime,0,300,5.8823,17
1737,Secondary Weapon,Bonus,Epic,Prime,50,300,8.8235,11.3333
1738,Secondary Weapon,Bonus,Epic,Prime,50,300,8.8235,11.3333
1739,Secondary Weapon,Bonus,Epic,Prime,50,300,8.8235,11.3333
1740,Secondary Weapon,Bonus,Epic,Prime,50,300,8.8235,11.3333
1741,Secondary Weapon,Bonus,Epic,Prime,50,300,5.8823,17
1742,Secondary Weapon,Bonus,Epic,Prime,50,300,5.8823,17
1743,Secondary Weapon,Bonus,Epic,Prime,50,300,2.9411,34
1744,Secondary Weapon,Bonus,Epic,Prime,50,300,2.9411,34
1745,Secondary Weapon,Bonus,Epic,Prime,50,300,8.8235,11.3333
1746,Secondary Weapon,Bonus,Epic,Prime,50,300,8.8235,11.3333
1747,Secondary Weapon,Bonus,Epic,Prime,50,300,5.8823,17
1748,Secondary Weapon,Bonus,Epic,Prime,50,300,8.8235,11.3333
1749,Secondary Weapon,Bonus,Epic,Prime,50,300,8.8235,11.3333
1750,Secondary Weapon,Bonus,Epic,Prime,50,300,5.8823,17
1751,Secondary Weapon,Bonus,Unique,Prime,50,300,6.9767,14.3333
1752,Secondary Weapon,Bonus,Unique,Prime,50,300,6.9767,14.3333
1753,Secondary Weapon,Bonus,Unique,Prime,50,300,6.9767,14.3333
1754,Secondary Weapon,Bonus,Unique,Prime,50,300,6.9767,14.3333
1755,Secondary Weapon,Bonus,Unique,Prime,50,300,4.6511,21.5
1756,Secondary Weapon,Bonus,Unique,Prime,50,300,4.6511,21.5
1757,Secondary Weapon,Bonus,Unique,Prime,50,300,2.3255,43
1758,Secondary Weapon,Bonus,Unique,Prime,50,300,4.6511,21.5
1759,Secondary Weapon,Bonus,Unique,Prime,50,300,6.9767,14.3333
1760,Secondary Weapon,Bonus,Unique,Prime,50,300,6.9767,14.3333
1761,Secondary Weapon,Bonus,Unique,Prime,50,300,4.6511,21.5
1762,Secondary Weapon,Bonus,Unique,Prime,50,300,2.3255,43
1763,Secondary Weapon,Bonus,Unique,Prime,50,300,2.3255,43
1764,Secondary Weapon,Bonus,Unique,Prime,50,300,6.9767,14.3333
1765,Secondary Weapon,Bonus,Unique,Prime,50,300,6.9767,14.3333
1766,Secondary Weapon,Bonus,Unique,Prime,50,300,4.6511,21.5
1767,Secondary Weapon,Bonus,Unique,Prime,50,300,4.6511,21.5
1768,Secondary Weapon,Bonus,Unique,Prime,50,300,4.6511,21.5
1769,Secondary Weapon,Bonus,Unique,Prime,50,300,4.6511,21.5
1770,Secondary Weapon,Bonus,Legendary,Prime,70,300,7.317,13.6666
1771,Secondary Weapon,Bonus,Legendary,Prime,70,300,7.317,13.6666
1772,Secondary Weapon,Bonus,Legendary,Prime,70,300,7.317,13.6666
1773,Secondary Weapon,Bonus,Legendary,Prime,70,300,7.317,13.6666
1774,Secondary Weapon,Bonus,Legendary,Prime,70,300,4.878,20.5
1775,Secondary Weapon,Bonus,Legendary,Prime,70,300,4.878,20.5
1776,Secondary Weapon,Bonus,Legendary,Prime,70,300,2.439,41
1777,Secondary Weapon,Bonus,Legendary,Prime,70,300,4.878,20.5
1778,Secondary Weapon,Bonus,Legendary,Prime,70,300,7.317,13.6666
1779,Secondary Weapon,Bonus,Legendary,Prime,70,300,7.317,13.6666
1780,Secondary Weapon,Bonus,Legendary,Prime,70,300,4.878,20.5
1781,Secondary Weapon,Bonus,Legendary,Prime,70,300,4.878,20.5
1782,Secondary Weapon,Bonus,Legendary,Prime,70,300,2.439,41
1783,Secondary Weapon,Bonus,Legendary,Prime,70,300,2.439,41
1784,Secondary Weapon,Bonus,Legendary,Prime,70,300,4.878,20.5
1785,Secondary Weapon,Bonus,Legendary,Prime,70,300,4.878,20.5
1786,Secondary Weapon,Bonus,Legendary,Prime,70,300,4.878,20.5
1787,Secondary Weapon,Bonus,Legendary,Prime,70,300,4.878,20.5
1788,Secondary Weapon,Bonus,Legendary,Prime,70,300,2.439,41
1789,Secondary Weapon,Bonus,Legendary,Prime,70,300,2.439,41
